id,summary
1,카카오뱅크는 어린이 및 청소년 문화 예술 활동 증진을 위해 2024 아시테지 국제여름축제에 5000만 원을 후원한다고 밝혔다.
2,카카오뱅크는 어린이 청소년 문화 예술 활동 증진을 위해 2024 아시테지 국제여름축제에 5000만 원을 후원한다고 밝혔다.
3,카카오뱅크는 어린이 및 청소년 문화 예술 활동 증진을 위해 2024 아시테지 국제여름축제에 5000만 원을 후원한다고 밝혔다. 2024 아시테지 국제여름축제는 어린이 및 청소년 문화 예술 활동 증진을 위해 매년 개최되고 있다.
4,카카오뱅크는 어린이 청소년 문화 예술 활동 증진을 위해 2024 아시테지 국제여름축제에 5000만 원을 후원한다고 밝혔다.
5,카카오뱅크는 어린이 청소년 문화 예술 활동 증진을 위해 2024 아시테지 국제여름축제에 5000만 원을 후원한다고 밝혔다.
6,카카오뱅크는 어린이 청소년 문화 예술 활동 증진을 위해 2024 아시테지 국제여름축제에 5000만 원을 후원한다고 밝혔다. 1993년 시작된 아시테지 국제여름축제는 국·내외 어린이 청소년 문화 예술 활동 증진을 위해 매년 진행되고 있다.
7,카카오뱅크는 어린이 및 청소년 문화 예술 활동 증진을 위해 2024 아시테지 국제여름축제에 5000만 원을 후원한다.
8,카카오뱅크는 어린이 청소년 문화 예술 활동 증진을 위해 2024 아시테지 국제여름축제에 5000만 원을 후원한다고 밝혔다. 2024 아시테지 국제여름축제는 국·내외 어린이
9,카카오뱅크는 어린이 청소년 문화 예술 활동 증진을 위해 2024 아시테지 국제여름축제에 5000만 원을 후원한다고 밝혔다.
10,카카오뱅크는 어린이 및 청소년 문화 예술 활동 증진을 위해 2024 아시테지 국제여름축제에 5000만 원을 후원한다고 밝혔다.
11,카카오뱅크는 어린이 및 청소년 문화 예술 활동 증진을 위해 2024 아시테지 국제여름축제에 5000만 원을 후원한다고 밝혔다.
12,카카오뱅크는 어린이 청소년 문화 예술 활동 증진을 위해 2024 아시테지 국제여름축제에 5000만 원을 후원한다고 밝혔다.
13,카카오뱅크는 어린이 청소년 문화 예술 활동 증진을 위해 2024 아시테지 국제여름축제에 5000만 원을 후원한다고 밝혔다.
14,카카오뱅크는 어린이 청소년 문화 예술 활동 증진을 위해 2024 아시테지 국제여름축제에 5000만 원을 후원했다. 1993년 시작된 아시테지 국제여름축제는 국·내외 어린이 등 다양한 분야에서 활발히 활동하고 있다.
15,카카오뱅크는 어린이 청소년 문화 예술 활동 증진을 위해 2024 아시테지 국제여름축제에 5000만 원을 후원한다고 밝혔다. 2024 아시테지 국제여름축제는 국·내외 어린이 청소년 문화 예술 활동 증진을 위해 매년 개최되고 있다.
16,카카오뱅크는 어린이 청소년 문화 예술 활동 증진을 위해 2024 아시테지 국제여름축제에 5000만 원을 후원한다고 밝혔다. 2024 아시테지 국제여름축제는 국·내외 어린이 청소년 문화 예술 활동 증진을 위해 매년 개최되고 있다.
17,카카오뱅크는 어린이 청소년 문화 예술 활동 증진을 위해 2024 아시테지 국제여름축제에 5000만 원을 후원한다고 밝혔다.
18,카카오뱅크는 어린이 청소년 문화 예술 활동 증진을 위해 2024 아시테지 국제여름축제에 5000만 원을 후원한다고 밝혔다.
19,카카오뱅크는 어린이 청소년 문화 예술 활동 증진을 위해 2024 아시테지 국제여름축제에 5000만 원을 후원한다고 밝혔다.
20,"카카오뱅크는 어린이 및 청소년 문화 예술 활동 증진을 위해 2024 아시테지 국제여름축제에 5,000만 원을 후원한다고 밝혔다. 2024 아시테지 국제여름축제는 어린이 및 청소년 문화 예술 활동 증진을 위해 매년 개최되고 있다."
21,카카오뱅크는 어린이 청소년 문화 예술 활동 증진을 위해 2024 아시테지 국제여름축제에 5000만 원을 후원한다고 밝혔다. 2024 아시테지 국제여름축제는 국·내외 어린이 청소년 문화 예술 활동 증진을 위해 매년 개최되고 있다.
22,카카오뱅크는 어린이 청소년 문화 예술 활동 증진을 위해 2024 아시테지 국제여름축제에 5000만 원을 후원한다고 밝혔다.
23,금융감독원이 인터넷전문은행이 운영하는 모임 통장의 개설 주기를 제한하고 있다. 금융권에 따르면 카카오뱅크는 회원이 모임 통장을 개설하면 한 달에 1개로 제한한다.
24,카카오뱅크는 어린이 청소년 문화 예술 활동 증진을 위해 2024 아시테지 국제여름축제에 5000만 원을 후원한다고 밝혔다.
25,카카오뱅크는 어린이 청소년 문화 예술 활동 증진을 위해 2024 아시테지 국제여름축제에 5000만 원을 후원한다고 밝혔다.
26,카카오뱅크는 어린이 및 청소년의 문화 예술 활동 증진을 위해 2024 아시테지 국제여름축제에 5000만 원을 후원한다고 밝혔다.
27,"카카오뱅크는 어린이 청소년 문화 예술 활동 증진을 위해 2024 아시테지 국제여름축제에 5,000만 원을 후원한다고 밝혔다."
28,케이뱅크의 도입으로 국내 인터넷은행 3사 중 카카오뱅크와 케이뱅크 등 두 곳이 에버스핀 고객사로 합류하게 되었다.
29,"카카오뱅크는 어린이 및 청소년 문화 예술 활동 증진을 위해 2024 아시테지 국제여름축제에 5,000만 원을 후원한다고 밝혔다. 2024 아시테지 국제여름축제는 어린이 및 청소년 문화 예술 활동 증진을 위해 매년 개최되고 있다."
30,카카오뱅크는 어린이 청소년 문화 예술 활동 증진을 위해 2024 아시테지 국제여름축제에 5000만 원을 후원한다고 밝혔다.
31,카카오뱅크는 어린이 및 청소년 문화 예술 활동 증진을 위해 2024 아시테지 국제여름축제에 5천만 원을 후원한다고 밝혔다. 2024 아시테지 국제여름축제는 국·내외 어린이 및 청소년 문화 예술 활동 증진을 위해 매년 개최되고 있다.
32,케이뱅크의 도입으로 국내 인터넷은행 3사 중 2개 사가 에버스핀의 고객사로 합류하여 피싱범죄 피해를 볼 가능성을 낮추고 금융안전을 강화하였다.
33,"카카오뱅크는 어린이 및 청소년 문화 예술 활동 증진을 위해 2024아시테지 국제여름축제에 5,000만 원을 후원하였다."
34,카카오뱅크는 어린이 청소년 문화 예술 활동 활성화를 위해 2024 아시테지 국제여름축제에 5000만 원을 후원한다.
35,카카오뱅크 CTO 정 씨의 인사 논란은 카카오뱅크 상장 직후 스톡옵션 76억 원을 행사한 정 씨 CTO 영입 이후 두 번째입니다. 당시 카카오의 내부통제기구인 준법과신뢰위원회에서 정 씨에 대한 우려를
36,카카오뱅크는 어린이 청소년 문화 예술 활동 증진을 위해 2024 아시테지 국제여름축제에 5000만 원을 후원한다고 밝혔다.
37,케이뱅크의 도입으로 국내 인터넷은행 3사 중 2개 사가 에버스핀의 고객사로 합류하게 되었다. 케이뱅크는 피싱범죄 피해를 줄일 수 있는 방법을 제시한다.
38,케이뱅크의 도입으로 국내 인터넷은행 3사 중 2개 사가 에버스핀의 고객사로 합류하게 되었다. 케이뱅크는 피싱범죄 피해를 줄일 수 있는 방법을 제시한다.
39,"카카오뱅크는 2021년 상장 이후 세계적인 ESG평가에서 두각을 나타냈으며, 2023년 AA등급을 받으며 3년 연속 ESG평가에서 AA등급을 받고 있다."
40,케이뱅크와 카카오뱅크는 청소년에게 올바른 금융 습관을 심어줄 하이틴 서비스를 제공한다. 하이틴은 만 14세~만 18세 미만 청소년을 대상으로 한다.
41,"OK캐쉬백 앱의 오퀴즈에 KB Pay 카카오뱅크 관련 문제가 나와 신규고객 8,321명에게 총 1억원 상당의 혜택을 주는 카뱅 관련 문제가 나왔다."
42,케이뱅크가 에버스핀의 고객사로 합류함으로써 국내 인터넷은행 3사 중 카카오뱅크와 케이뱅크까지 총 2개사가 에버스핀의 고객사로 합류하게 되었다.
43,케이뱅크의 도입으로 국내 인터넷은행 3사 중 2개 사가 에버스핀의 고객사로 합류하게 되었다. 케이뱅크는 피싱범죄 피해를 줄일 수 있는 방법을 제시한다.
44,케이뱅크의 도입으로 국내 인터넷은행 3사 중 2개 사가 에버스핀의 고객사로 합류하게 되었다. 케이뱅크는 피싱범죄 피해를 줄일 수 있는 방법을 제시한다.
45,리브메이트 오늘의 퀴즈는 포인트를 얻을 수 있는 포인트 이벤트로 카카오뱅크 등록만 하면 총 상금 1억원을 쏩니다. 이벤트의 2등 당첨금액은 1백만 P이다.
46,케이뱅크의 도입으로 국내 인터넷은행 3사 중 2개 사가 에버스핀의 고객사로 합류하게 되었다. 케이뱅크는 피싱범죄 피해를 줄일 수 있는 방법을 제시한다.
47,케이뱅크의 도입으로 국내 인터넷은행 3사 중 2개 사가 에버스핀의 고객사로 합류하게 되었다. 케이뱅크는 피싱범죄 피해를 줄일 수 있는 방법을 제시한다.
48,케이뱅크의 도입으로 국내 인터넷은행 3사 중 2개 사가 에버스핀의 고객사로 합류하게 되었다. 케이뱅크는 피싱범죄 피해를 줄일 수 있는 방법을 제시한다.
49,국내 인터넷은행 3사 중 2개사는 에버스핀의 고객사로 합류하여 악성앱으로 인한 피싱 범죄로부터 피해를 입을 가능성을 최소화하여 피싱 범죄로부터 피해를 입을 가능성을 최소화하였다.
50,케이뱅크의 도입으로 국내 인터넷은행 3사 중 2개 사가 에버스핀의 고객사로 합류하게 되었다. 케이뱅크는 피싱범죄 피해를 줄일 수 있는 방법을 제시한다.
51,케이뱅크의 도입으로 국내 인터넷은행 3사 중 2개 사가 에버스핀의 고객사로 합류하게 되었다. 케이뱅크는 피싱범죄 피해를 줄일 수 있는 방법을 제시한다.
52,정규돈 카카오 최고기술책임자(CTO)는 2021년 8월 카카오뱅크 상장 직후 70억원이 넘는 차익을 실현해 논란을 일으키었고 금융감독원이 해임을 시켰다.
53,카카오뱅크는 어린이 및 청소년 문화 예술 활동 증진을 위해 2024 아시테지 국제여름축제에 5000만 원을 후원한다고 밝혔다.
54,카카오뱅크는 어린이 청소년 문화 예술 활동 증진을 위해 2024 아시테지 국제여름축제에 5000만 원을 후원한다고 밝혔다.
55,카카오뱅크는 어린이 및 청소년 문화 예술 활동 증진을 위해 2024 아시테지 국제여름축제에 5000만 원을 후원한다고 밝혔다. 2024 아시테지 국제여름축제는 어린이 및 청소년 문화 예술 활동 증진을 위해 매년 개최되고 있다.
56,카카오뱅크는 어린이 청소년 문화 예술 활동 증진을 위해 2024 아시테지 국제여름축제에 5000만 원을 후원한다고 밝혔다.
57,카카오뱅크는 어린이 청소년 문화 예술 활동 증진을 위해 2024 아시테지 국제여름축제에 5000만 원을 후원한다고 밝혔다.
58,카카오뱅크는 어린이 청소년 문화 예술 활동 증진을 위해 2024 아시테지 국제여름축제에 5000만 원을 후원한다고 밝혔다. 1993년 시작된 아시테지 국제여름축제는 국·내외 어린이 청소년 문화 예술 활동 증진을 위해 매년 진행되고 있다.
59,카카오뱅크는 어린이 및 청소년 문화 예술 활동 증진을 위해 2024 아시테지 국제여름축제에 5000만 원을 후원한다.
60,카카오뱅크는 어린이 청소년 문화 예술 활동 증진을 위해 2024 아시테지 국제여름축제에 5000만 원을 후원한다고 밝혔다. 2024 아시테지 국제여름축제는 국·내외 어린이
61,카카오뱅크는 어린이 청소년 문화 예술 활동 증진을 위해 2024 아시테지 국제여름축제에 5000만 원을 후원한다고 밝혔다.
62,카카오뱅크는 어린이 및 청소년 문화 예술 활동 증진을 위해 2024 아시테지 국제여름축제에 5000만 원을 후원한다고 밝혔다.
63,카카오뱅크는 어린이 및 청소년 문화 예술 활동 증진을 위해 2024 아시테지 국제여름축제에 5000만 원을 후원한다고 밝혔다.
64,카카오뱅크는 어린이 청소년 문화 예술 활동 증진을 위해 2024 아시테지 국제여름축제에 5000만 원을 후원한다고 밝혔다.
65,카카오뱅크는 어린이 청소년 문화 예술 활동 증진을 위해 2024 아시테지 국제여름축제에 5000만 원을 후원한다고 밝혔다.
66,카카오뱅크는 어린이 청소년 문화 예술 활동 증진을 위해 2024 아시테지 국제여름축제에 5000만 원을 후원했다. 1993년 시작된 아시테지 국제여름축제는 국·내외 어린이 등 다양한 분야에서 활발히 활동하고 있다.
67,카카오뱅크는 어린이 청소년 문화 예술 활동 증진을 위해 2024 아시테지 국제여름축제에 5000만 원을 후원한다고 밝혔다. 2024 아시테지 국제여름축제는 국·내외 어린이 청소년 문화 예술 활동 증진을 위해 매년 개최되고 있다.
68,카카오뱅크는 어린이 청소년 문화 예술 활동 증진을 위해 2024 아시테지 국제여름축제에 5000만 원을 후원한다고 밝혔다. 2024 아시테지 국제여름축제는 국·내외 어린이 청소년 문화 예술 활동 증진을 위해 매년 개최되고 있다.
69,카카오뱅크는 어린이 청소년 문화 예술 활동 증진을 위해 2024 아시테지 국제여름축제에 5000만 원을 후원한다고 밝혔다.
70,카카오뱅크는 어린이 청소년 문화 예술 활동 증진을 위해 2024 아시테지 국제여름축제에 5000만 원을 후원한다고 밝혔다.
71,카카오뱅크는 어린이 청소년 문화 예술 활동 증진을 위해 2024 아시테지 국제여름축제에 5000만 원을 후원한다고 밝혔다.
72,"카카오뱅크는 어린이 및 청소년 문화 예술 활동 증진을 위해 2024 아시테지 국제여름축제에 5,000만 원을 후원한다고 밝혔다. 2024 아시테지 국제여름축제는 어린이 및 청소년 문화 예술 활동 증진을 위해 매년 개최되고 있다."
73,카카오뱅크는 어린이 청소년 문화 예술 활동 증진을 위해 2024 아시테지 국제여름축제에 5000만 원을 후원한다고 밝혔다. 2024 아시테지 국제여름축제는 국·내외 어린이 청소년 문화 예술 활동 증진을 위해 매년 개최되고 있다.
74,카카오뱅크는 어린이 청소년 문화 예술 활동 증진을 위해 2024 아시테지 국제여름축제에 5000만 원을 후원한다고 밝혔다.
75,금융감독원이 인터넷전문은행이 운영하는 모임 통장의 개설 주기를 제한하고 있다. 금융권에 따르면 카카오뱅크는 회원이 모임 통장을 개설하면 한 달에 1개로 제한한다.
76,카카오뱅크는 어린이 청소년 문화 예술 활동 증진을 위해 2024 아시테지 국제여름축제에 5000만 원을 후원한다고 밝혔다.
77,카카오뱅크는 어린이 청소년 문화 예술 활동 증진을 위해 2024 아시테지 국제여름축제에 5000만 원을 후원한다고 밝혔다.
78,카카오뱅크는 어린이 및 청소년의 문화 예술 활동 증진을 위해 2024 아시테지 국제여름축제에 5000만 원을 후원한다고 밝혔다.
79,"카카오뱅크는 어린이 청소년 문화 예술 활동 증진을 위해 2024 아시테지 국제여름축제에 5,000만 원을 후원한다고 밝혔다."
80,케이뱅크의 도입으로 국내 인터넷은행 3사 중 카카오뱅크와 케이뱅크 등 두 곳이 에버스핀 고객사로 합류하게 되었다.
81,"카카오뱅크는 어린이 및 청소년 문화 예술 활동 증진을 위해 2024 아시테지 국제여름축제에 5,000만 원을 후원한다고 밝혔다. 2024 아시테지 국제여름축제는 어린이 및 청소년 문화 예술 활동 증진을 위해 매년 개최되고 있다."
82,카카오뱅크는 어린이 청소년 문화 예술 활동 증진을 위해 2024 아시테지 국제여름축제에 5000만 원을 후원한다고 밝혔다.
83,카카오뱅크는 어린이 및 청소년 문화 예술 활동 증진을 위해 2024 아시테지 국제여름축제에 5천만 원을 후원한다고 밝혔다. 2024 아시테지 국제여름축제는 국·내외 어린이 및 청소년 문화 예술 활동 증진을 위해 매년 개최되고 있다.
84,케이뱅크의 도입으로 국내 인터넷은행 3사 중 2개 사가 에버스핀의 고객사로 합류하여 피싱범죄 피해를 볼 가능성을 낮추고 금융안전을 강화하였다.
85,"카카오뱅크는 어린이 및 청소년 문화 예술 활동 증진을 위해 2024아시테지 국제여름축제에 5,000만 원을 후원하였다."
86,카카오뱅크는 어린이 청소년 문화 예술 활동 활성화를 위해 2024 아시테지 국제여름축제에 5000만 원을 후원한다.
87,카카오뱅크 CTO 정 씨의 인사 논란은 카카오뱅크 상장 직후 스톡옵션 76억 원을 행사한 정 씨 CTO 영입 이후 두 번째입니다. 당시 카카오의 내부통제기구인 준법과신뢰위원회에서 정 씨에 대한 우려를
88,카카오뱅크는 어린이 청소년 문화 예술 활동 증진을 위해 2024 아시테지 국제여름축제에 5000만 원을 후원한다고 밝혔다.
89,케이뱅크의 도입으로 국내 인터넷은행 3사 중 2개 사가 에버스핀의 고객사로 합류하게 되었다. 케이뱅크는 피싱범죄 피해를 줄일 수 있는 방법을 제시한다.
90,케이뱅크의 도입으로 국내 인터넷은행 3사 중 2개 사가 에버스핀의 고객사로 합류하게 되었다. 케이뱅크는 피싱범죄 피해를 줄일 수 있는 방법을 제시한다.
91,"카카오뱅크는 2021년 상장 이후 세계적인 ESG평가에서 두각을 나타냈으며, 2023년 AA등급을 받으며 3년 연속 ESG평가에서 AA등급을 받고 있다."
92,케이뱅크와 카카오뱅크는 청소년에게 올바른 금융 습관을 심어줄 하이틴 서비스를 제공한다. 하이틴은 만 14세~만 18세 미만 청소년을 대상으로 한다.
93,"OK캐쉬백 앱의 오퀴즈에 KB Pay 카카오뱅크 관련 문제가 나와 신규고객 8,321명에게 총 1억원 상당의 혜택을 주는 카뱅 관련 문제가 나왔다."
94,케이뱅크가 에버스핀의 고객사로 합류함으로써 국내 인터넷은행 3사 중 카카오뱅크와 케이뱅크까지 총 2개사가 에버스핀의 고객사로 합류하게 되었다.
95,케이뱅크의 도입으로 국내 인터넷은행 3사 중 2개 사가 에버스핀의 고객사로 합류하게 되었다. 케이뱅크는 피싱범죄 피해를 줄일 수 있는 방법을 제시한다.
96,케이뱅크의 도입으로 국내 인터넷은행 3사 중 2개 사가 에버스핀의 고객사로 합류하게 되었다. 케이뱅크는 피싱범죄 피해를 줄일 수 있는 방법을 제시한다.
97,리브메이트 오늘의 퀴즈는 포인트를 얻을 수 있는 포인트 이벤트로 카카오뱅크 등록만 하면 총 상금 1억원을 쏩니다. 이벤트의 2등 당첨금액은 1백만 P이다.
98,케이뱅크의 도입으로 국내 인터넷은행 3사 중 2개 사가 에버스핀의 고객사로 합류하게 되었다. 케이뱅크는 피싱범죄 피해를 줄일 수 있는 방법을 제시한다.
99,케이뱅크의 도입으로 국내 인터넷은행 3사 중 2개 사가 에버스핀의 고객사로 합류하게 되었다. 케이뱅크는 피싱범죄 피해를 줄일 수 있는 방법을 제시한다.
100,케이뱅크의 도입으로 국내 인터넷은행 3사 중 2개 사가 에버스핀의 고객사로 합류하게 되었다. 케이뱅크는 피싱범죄 피해를 줄일 수 있는 방법을 제시한다.
101,국내 인터넷은행 3사 중 2개사는 에버스핀의 고객사로 합류하여 악성앱으로 인한 피싱 범죄로부터 피해를 입을 가능성을 최소화하여 피싱 범죄로부터 피해를 입을 가능성을 최소화하였다.
102,케이뱅크의 도입으로 국내 인터넷은행 3사 중 2개 사가 에버스핀의 고객사로 합류하게 되었다. 케이뱅크는 피싱범죄 피해를 줄일 수 있는 방법을 제시한다.
103,케이뱅크의 도입으로 국내 인터넷은행 3사 중 2개 사가 에버스핀의 고객사로 합류하게 되었다. 케이뱅크는 피싱범죄 피해를 줄일 수 있는 방법을 제시한다.
104,정규돈 카카오 최고기술책임자(CTO)는 2021년 8월 카카오뱅크 상장 직후 70억원이 넘는 차익을 실현해 논란을 일으키었고 금융감독원이 해임을 시켰다.
105,카카오뱅크는 어린이 및 청소년 문화 예술 활동 증진을 위해 2024 아시테지 국제여름축제에 5000만 원을 후원한다고 밝혔다.
106,카카오뱅크는 어린이 청소년 문화 예술 활동 증진을 위해 2024 아시테지 국제여름축제에 5000만 원을 후원한다고 밝혔다.
107,카카오뱅크는 어린이 및 청소년 문화 예술 활동 증진을 위해 2024 아시테지 국제여름축제에 5000만 원을 후원한다고 밝혔다. 2024 아시테지 국제여름축제는 어린이 및 청소년 문화 예술 활동 증진을 위해 매년 개최되고 있다.
108,카카오뱅크는 어린이 청소년 문화 예술 활동 증진을 위해 2024 아시테지 국제여름축제에 5000만 원을 후원한다고 밝혔다.
109,카카오뱅크는 어린이 청소년 문화 예술 활동 증진을 위해 2024 아시테지 국제여름축제에 5000만 원을 후원한다고 밝혔다.
110,카카오뱅크는 어린이 청소년 문화 예술 활동 증진을 위해 2024 아시테지 국제여름축제에 5000만 원을 후원한다고 밝혔다. 1993년 시작된 아시테지 국제여름축제는 국·내외 어린이 청소년 문화 예술 활동 증진을 위해 매년 진행되고 있다.
111,카카오뱅크는 어린이 및 청소년 문화 예술 활동 증진을 위해 2024 아시테지 국제여름축제에 5000만 원을 후원한다.
112,카카오뱅크는 어린이 청소년 문화 예술 활동 증진을 위해 2024 아시테지 국제여름축제에 5000만 원을 후원한다고 밝혔다. 2024 아시테지 국제여름축제는 국·내외 어린이
113,카카오뱅크는 어린이 청소년 문화 예술 활동 증진을 위해 2024 아시테지 국제여름축제에 5000만 원을 후원한다고 밝혔다.
114,카카오뱅크는 어린이 및 청소년 문화 예술 활동 증진을 위해 2024 아시테지 국제여름축제에 5000만 원을 후원한다고 밝혔다.
115,카카오뱅크는 어린이 및 청소년 문화 예술 활동 증진을 위해 2024 아시테지 국제여름축제에 5000만 원을 후원한다고 밝혔다.
116,카카오뱅크는 어린이 청소년 문화 예술 활동 증진을 위해 2024 아시테지 국제여름축제에 5000만 원을 후원한다고 밝혔다.
117,카카오뱅크는 어린이 청소년 문화 예술 활동 증진을 위해 2024 아시테지 국제여름축제에 5000만 원을 후원한다고 밝혔다.
118,카카오뱅크는 어린이 청소년 문화 예술 활동 증진을 위해 2024 아시테지 국제여름축제에 5000만 원을 후원했다. 1993년 시작된 아시테지 국제여름축제는 국·내외 어린이 등 다양한 분야에서 활발히 활동하고 있다.
119,카카오뱅크는 어린이 청소년 문화 예술 활동 증진을 위해 2024 아시테지 국제여름축제에 5000만 원을 후원한다고 밝혔다. 2024 아시테지 국제여름축제는 국·내외 어린이 청소년 문화 예술 활동 증진을 위해 매년 개최되고 있다.
120,카카오뱅크는 어린이 청소년 문화 예술 활동 증진을 위해 2024 아시테지 국제여름축제에 5000만 원을 후원한다고 밝혔다. 2024 아시테지 국제여름축제는 국·내외 어린이 청소년 문화 예술 활동 증진을 위해 매년 개최되고 있다.
121,카카오뱅크는 어린이 청소년 문화 예술 활동 증진을 위해 2024 아시테지 국제여름축제에 5000만 원을 후원한다고 밝혔다.
122,카카오뱅크는 어린이 청소년 문화 예술 활동 증진을 위해 2024 아시테지 국제여름축제에 5000만 원을 후원한다고 밝혔다.
123,카카오뱅크는 어린이 청소년 문화 예술 활동 증진을 위해 2024 아시테지 국제여름축제에 5000만 원을 후원한다고 밝혔다.
124,"카카오뱅크는 어린이 및 청소년 문화 예술 활동 증진을 위해 2024 아시테지 국제여름축제에 5,000만 원을 후원한다고 밝혔다. 2024 아시테지 국제여름축제는 어린이 및 청소년 문화 예술 활동 증진을 위해 매년 개최되고 있다."
125,카카오뱅크는 어린이 청소년 문화 예술 활동 증진을 위해 2024 아시테지 국제여름축제에 5000만 원을 후원한다고 밝혔다. 2024 아시테지 국제여름축제는 국·내외 어린이 청소년 문화 예술 활동 증진을 위해 매년 개최되고 있다.
126,카카오뱅크는 어린이 청소년 문화 예술 활동 증진을 위해 2024 아시테지 국제여름축제에 5000만 원을 후원한다고 밝혔다.
127,금융감독원이 인터넷전문은행이 운영하는 모임 통장의 개설 주기를 제한하고 있다. 금융권에 따르면 카카오뱅크는 회원이 모임 통장을 개설하면 한 달에 1개로 제한한다.
128,카카오뱅크는 어린이 청소년 문화 예술 활동 증진을 위해 2024 아시테지 국제여름축제에 5000만 원을 후원한다고 밝혔다.
129,카카오뱅크는 어린이 청소년 문화 예술 활동 증진을 위해 2024 아시테지 국제여름축제에 5000만 원을 후원한다고 밝혔다.
130,카카오뱅크는 어린이 및 청소년의 문화 예술 활동 증진을 위해 2024 아시테지 국제여름축제에 5000만 원을 후원한다고 밝혔다.
131,"카카오뱅크는 어린이 청소년 문화 예술 활동 증진을 위해 2024 아시테지 국제여름축제에 5,000만 원을 후원한다고 밝혔다."
132,케이뱅크의 도입으로 국내 인터넷은행 3사 중 카카오뱅크와 케이뱅크 등 두 곳이 에버스핀 고객사로 합류하게 되었다.
133,"카카오뱅크는 어린이 및 청소년 문화 예술 활동 증진을 위해 2024 아시테지 국제여름축제에 5,000만 원을 후원한다고 밝혔다. 2024 아시테지 국제여름축제는 어린이 및 청소년 문화 예술 활동 증진을 위해 매년 개최되고 있다."
134,카카오뱅크는 어린이 청소년 문화 예술 활동 증진을 위해 2024 아시테지 국제여름축제에 5000만 원을 후원한다고 밝혔다.
135,카카오뱅크는 어린이 및 청소년 문화 예술 활동 증진을 위해 2024 아시테지 국제여름축제에 5천만 원을 후원한다고 밝혔다. 2024 아시테지 국제여름축제는 국·내외 어린이 및 청소년 문화 예술 활동 증진을 위해 매년 개최되고 있다.
136,케이뱅크의 도입으로 국내 인터넷은행 3사 중 2개 사가 에버스핀의 고객사로 합류하여 피싱범죄 피해를 볼 가능성을 낮추고 금융안전을 강화하였다.
137,"카카오뱅크는 어린이 및 청소년 문화 예술 활동 증진을 위해 2024아시테지 국제여름축제에 5,000만 원을 후원하였다."
138,카카오뱅크는 어린이 청소년 문화 예술 활동 활성화를 위해 2024 아시테지 국제여름축제에 5000만 원을 후원한다.
139,카카오뱅크 CTO 정 씨의 인사 논란은 카카오뱅크 상장 직후 스톡옵션 76억 원을 행사한 정 씨 CTO 영입 이후 두 번째입니다. 당시 카카오의 내부통제기구인 준법과신뢰위원회에서 정 씨에 대한 우려를
140,카카오뱅크는 어린이 청소년 문화 예술 활동 증진을 위해 2024 아시테지 국제여름축제에 5000만 원을 후원한다고 밝혔다.
141,케이뱅크의 도입으로 국내 인터넷은행 3사 중 2개 사가 에버스핀의 고객사로 합류하게 되었다. 케이뱅크는 피싱범죄 피해를 줄일 수 있는 방법을 제시한다.
142,케이뱅크의 도입으로 국내 인터넷은행 3사 중 2개 사가 에버스핀의 고객사로 합류하게 되었다. 케이뱅크는 피싱범죄 피해를 줄일 수 있는 방법을 제시한다.
143,"카카오뱅크는 2021년 상장 이후 세계적인 ESG평가에서 두각을 나타냈으며, 2023년 AA등급을 받으며 3년 연속 ESG평가에서 AA등급을 받고 있다."
144,케이뱅크와 카카오뱅크는 청소년에게 올바른 금융 습관을 심어줄 하이틴 서비스를 제공한다. 하이틴은 만 14세~만 18세 미만 청소년을 대상으로 한다.
145,"OK캐쉬백 앱의 오퀴즈에 KB Pay 카카오뱅크 관련 문제가 나와 신규고객 8,321명에게 총 1억원 상당의 혜택을 주는 카뱅 관련 문제가 나왔다."
146,케이뱅크가 에버스핀의 고객사로 합류함으로써 국내 인터넷은행 3사 중 카카오뱅크와 케이뱅크까지 총 2개사가 에버스핀의 고객사로 합류하게 되었다.
147,케이뱅크의 도입으로 국내 인터넷은행 3사 중 2개 사가 에버스핀의 고객사로 합류하게 되었다. 케이뱅크는 피싱범죄 피해를 줄일 수 있는 방법을 제시한다.
148,케이뱅크의 도입으로 국내 인터넷은행 3사 중 2개 사가 에버스핀의 고객사로 합류하게 되었다. 케이뱅크는 피싱범죄 피해를 줄일 수 있는 방법을 제시한다.
149,리브메이트 오늘의 퀴즈는 포인트를 얻을 수 있는 포인트 이벤트로 카카오뱅크 등록만 하면 총 상금 1억원을 쏩니다. 이벤트의 2등 당첨금액은 1백만 P이다.
150,케이뱅크의 도입으로 국내 인터넷은행 3사 중 2개 사가 에버스핀의 고객사로 합류하게 되었다. 케이뱅크는 피싱범죄 피해를 줄일 수 있는 방법을 제시한다.
151,케이뱅크의 도입으로 국내 인터넷은행 3사 중 2개 사가 에버스핀의 고객사로 합류하게 되었다. 케이뱅크는 피싱범죄 피해를 줄일 수 있는 방법을 제시한다.
152,케이뱅크의 도입으로 국내 인터넷은행 3사 중 2개 사가 에버스핀의 고객사로 합류하게 되었다. 케이뱅크는 피싱범죄 피해를 줄일 수 있는 방법을 제시한다.
153,국내 인터넷은행 3사 중 2개사는 에버스핀의 고객사로 합류하여 악성앱으로 인한 피싱 범죄로부터 피해를 입을 가능성을 최소화하여 피싱 범죄로부터 피해를 입을 가능성을 최소화하였다.
154,케이뱅크의 도입으로 국내 인터넷은행 3사 중 2개 사가 에버스핀의 고객사로 합류하게 되었다. 케이뱅크는 피싱범죄 피해를 줄일 수 있는 방법을 제시한다.
155,케이뱅크의 도입으로 국내 인터넷은행 3사 중 2개 사가 에버스핀의 고객사로 합류하게 되었다. 케이뱅크는 피싱범죄 피해를 줄일 수 있는 방법을 제시한다.
156,정규돈 카카오 최고기술책임자(CTO)는 2021년 8월 카카오뱅크 상장 직후 70억원이 넘는 차익을 실현해 논란을 일으키었고 금융감독원이 해임을 시켰다.
157,카카오뱅크는 어린이 및 청소년 문화 예술 활동 증진을 위해 2024 아시테지 국제여름축제에 5000만 원을 후원한다고 밝혔다.
158,카카오뱅크는 어린이 청소년 문화 예술 활동 증진을 위해 2024 아시테지 국제여름축제에 5000만 원을 후원한다고 밝혔다.
159,카카오뱅크는 어린이 및 청소년 문화 예술 활동 증진을 위해 2024 아시테지 국제여름축제에 5000만 원을 후원한다고 밝혔다. 2024 아시테지 국제여름축제는 어린이 및 청소년 문화 예술 활동 증진을 위해 매년 개최되고 있다.
160,카카오뱅크는 어린이 청소년 문화 예술 활동 증진을 위해 2024 아시테지 국제여름축제에 5000만 원을 후원한다고 밝혔다.
161,카카오뱅크는 어린이 청소년 문화 예술 활동 증진을 위해 2024 아시테지 국제여름축제에 5000만 원을 후원한다고 밝혔다.
162,카카오뱅크는 어린이 청소년 문화 예술 활동 증진을 위해 2024 아시테지 국제여름축제에 5000만 원을 후원한다고 밝혔다. 1993년 시작된 아시테지 국제여름축제는 국·내외 어린이 청소년 문화 예술 활동 증진을 위해 매년 진행되고 있다.
163,카카오뱅크는 어린이 및 청소년 문화 예술 활동 증진을 위해 2024 아시테지 국제여름축제에 5000만 원을 후원한다.
164,카카오뱅크는 어린이 청소년 문화 예술 활동 증진을 위해 2024 아시테지 국제여름축제에 5000만 원을 후원한다고 밝혔다. 2024 아시테지 국제여름축제는 국·내외 어린이
165,카카오뱅크는 어린이 청소년 문화 예술 활동 증진을 위해 2024 아시테지 국제여름축제에 5000만 원을 후원한다고 밝혔다.
166,카카오뱅크는 어린이 및 청소년 문화 예술 활동 증진을 위해 2024 아시테지 국제여름축제에 5000만 원을 후원한다고 밝혔다.
167,카카오뱅크는 어린이 및 청소년 문화 예술 활동 증진을 위해 2024 아시테지 국제여름축제에 5000만 원을 후원한다고 밝혔다.
168,카카오뱅크는 어린이 청소년 문화 예술 활동 증진을 위해 2024 아시테지 국제여름축제에 5000만 원을 후원한다고 밝혔다.
169,카카오뱅크는 어린이 청소년 문화 예술 활동 증진을 위해 2024 아시테지 국제여름축제에 5000만 원을 후원한다고 밝혔다.
170,카카오뱅크는 어린이 청소년 문화 예술 활동 증진을 위해 2024 아시테지 국제여름축제에 5000만 원을 후원했다. 1993년 시작된 아시테지 국제여름축제는 국·내외 어린이 등 다양한 분야에서 활발히 활동하고 있다.
171,카카오뱅크는 어린이 청소년 문화 예술 활동 증진을 위해 2024 아시테지 국제여름축제에 5000만 원을 후원한다고 밝혔다. 2024 아시테지 국제여름축제는 국·내외 어린이 청소년 문화 예술 활동 증진을 위해 매년 개최되고 있다.
172,카카오뱅크는 어린이 청소년 문화 예술 활동 증진을 위해 2024 아시테지 국제여름축제에 5000만 원을 후원한다고 밝혔다. 2024 아시테지 국제여름축제는 국·내외 어린이 청소년 문화 예술 활동 증진을 위해 매년 개최되고 있다.
173,카카오뱅크는 어린이 청소년 문화 예술 활동 증진을 위해 2024 아시테지 국제여름축제에 5000만 원을 후원한다고 밝혔다.
174,카카오뱅크는 어린이 청소년 문화 예술 활동 증진을 위해 2024 아시테지 국제여름축제에 5000만 원을 후원한다고 밝혔다.
175,카카오뱅크는 어린이 청소년 문화 예술 활동 증진을 위해 2024 아시테지 국제여름축제에 5000만 원을 후원한다고 밝혔다.
176,"카카오뱅크는 어린이 및 청소년 문화 예술 활동 증진을 위해 2024 아시테지 국제여름축제에 5,000만 원을 후원한다고 밝혔다. 2024 아시테지 국제여름축제는 어린이 및 청소년 문화 예술 활동 증진을 위해 매년 개최되고 있다."
177,카카오뱅크는 어린이 청소년 문화 예술 활동 증진을 위해 2024 아시테지 국제여름축제에 5000만 원을 후원한다고 밝혔다. 2024 아시테지 국제여름축제는 국·내외 어린이 청소년 문화 예술 활동 증진을 위해 매년 개최되고 있다.
178,카카오뱅크는 어린이 청소년 문화 예술 활동 증진을 위해 2024 아시테지 국제여름축제에 5000만 원을 후원한다고 밝혔다.
179,금융감독원이 인터넷전문은행이 운영하는 모임 통장의 개설 주기를 제한하고 있다. 금융권에 따르면 카카오뱅크는 회원이 모임 통장을 개설하면 한 달에 1개로 제한한다.
180,카카오뱅크는 어린이 청소년 문화 예술 활동 증진을 위해 2024 아시테지 국제여름축제에 5000만 원을 후원한다고 밝혔다.
181,카카오뱅크는 어린이 청소년 문화 예술 활동 증진을 위해 2024 아시테지 국제여름축제에 5000만 원을 후원한다고 밝혔다.
182,카카오뱅크는 어린이 및 청소년의 문화 예술 활동 증진을 위해 2024 아시테지 국제여름축제에 5000만 원을 후원한다고 밝혔다.
183,"카카오뱅크는 어린이 청소년 문화 예술 활동 증진을 위해 2024 아시테지 국제여름축제에 5,000만 원을 후원한다고 밝혔다."
184,케이뱅크의 도입으로 국내 인터넷은행 3사 중 카카오뱅크와 케이뱅크 등 두 곳이 에버스핀 고객사로 합류하게 되었다.
185,"카카오뱅크는 어린이 및 청소년 문화 예술 활동 증진을 위해 2024 아시테지 국제여름축제에 5,000만 원을 후원한다고 밝혔다. 2024 아시테지 국제여름축제는 어린이 및 청소년 문화 예술 활동 증진을 위해 매년 개최되고 있다."
186,카카오뱅크는 어린이 청소년 문화 예술 활동 증진을 위해 2024 아시테지 국제여름축제에 5000만 원을 후원한다고 밝혔다.
187,카카오뱅크는 어린이 및 청소년 문화 예술 활동 증진을 위해 2024 아시테지 국제여름축제에 5천만 원을 후원한다고 밝혔다. 2024 아시테지 국제여름축제는 국·내외 어린이 및 청소년 문화 예술 활동 증진을 위해 매년 개최되고 있다.
188,케이뱅크의 도입으로 국내 인터넷은행 3사 중 2개 사가 에버스핀의 고객사로 합류하여 피싱범죄 피해를 볼 가능성을 낮추고 금융안전을 강화하였다.
189,"카카오뱅크는 어린이 및 청소년 문화 예술 활동 증진을 위해 2024아시테지 국제여름축제에 5,000만 원을 후원하였다."
190,카카오뱅크는 어린이 청소년 문화 예술 활동 활성화를 위해 2024 아시테지 국제여름축제에 5000만 원을 후원한다.
191,카카오뱅크 CTO 정 씨의 인사 논란은 카카오뱅크 상장 직후 스톡옵션 76억 원을 행사한 정 씨 CTO 영입 이후 두 번째입니다. 당시 카카오의 내부통제기구인 준법과신뢰위원회에서 정 씨에 대한 우려를
192,카카오뱅크는 어린이 청소년 문화 예술 활동 증진을 위해 2024 아시테지 국제여름축제에 5000만 원을 후원한다고 밝혔다.
193,케이뱅크의 도입으로 국내 인터넷은행 3사 중 2개 사가 에버스핀의 고객사로 합류하게 되었다. 케이뱅크는 피싱범죄 피해를 줄일 수 있는 방법을 제시한다.
194,케이뱅크의 도입으로 국내 인터넷은행 3사 중 2개 사가 에버스핀의 고객사로 합류하게 되었다. 케이뱅크는 피싱범죄 피해를 줄일 수 있는 방법을 제시한다.
195,"카카오뱅크는 2021년 상장 이후 세계적인 ESG평가에서 두각을 나타냈으며, 2023년 AA등급을 받으며 3년 연속 ESG평가에서 AA등급을 받고 있다."
196,케이뱅크와 카카오뱅크는 청소년에게 올바른 금융 습관을 심어줄 하이틴 서비스를 제공한다. 하이틴은 만 14세~만 18세 미만 청소년을 대상으로 한다.
197,"OK캐쉬백 앱의 오퀴즈에 KB Pay 카카오뱅크 관련 문제가 나와 신규고객 8,321명에게 총 1억원 상당의 혜택을 주는 카뱅 관련 문제가 나왔다."
198,케이뱅크가 에버스핀의 고객사로 합류함으로써 국내 인터넷은행 3사 중 카카오뱅크와 케이뱅크까지 총 2개사가 에버스핀의 고객사로 합류하게 되었다.
199,케이뱅크의 도입으로 국내 인터넷은행 3사 중 2개 사가 에버스핀의 고객사로 합류하게 되었다. 케이뱅크는 피싱범죄 피해를 줄일 수 있는 방법을 제시한다.
200,케이뱅크의 도입으로 국내 인터넷은행 3사 중 2개 사가 에버스핀의 고객사로 합류하게 되었다. 케이뱅크는 피싱범죄 피해를 줄일 수 있는 방법을 제시한다.
201,리브메이트 오늘의 퀴즈는 포인트를 얻을 수 있는 포인트 이벤트로 카카오뱅크 등록만 하면 총 상금 1억원을 쏩니다. 이벤트의 2등 당첨금액은 1백만 P이다.
202,케이뱅크의 도입으로 국내 인터넷은행 3사 중 2개 사가 에버스핀의 고객사로 합류하게 되었다. 케이뱅크는 피싱범죄 피해를 줄일 수 있는 방법을 제시한다.
203,케이뱅크의 도입으로 국내 인터넷은행 3사 중 2개 사가 에버스핀의 고객사로 합류하게 되었다. 케이뱅크는 피싱범죄 피해를 줄일 수 있는 방법을 제시한다.
204,케이뱅크의 도입으로 국내 인터넷은행 3사 중 2개 사가 에버스핀의 고객사로 합류하게 되었다. 케이뱅크는 피싱범죄 피해를 줄일 수 있는 방법을 제시한다.
205,국내 인터넷은행 3사 중 2개사는 에버스핀의 고객사로 합류하여 악성앱으로 인한 피싱 범죄로부터 피해를 입을 가능성을 최소화하여 피싱 범죄로부터 피해를 입을 가능성을 최소화하였다.
206,케이뱅크의 도입으로 국내 인터넷은행 3사 중 2개 사가 에버스핀의 고객사로 합류하게 되었다. 케이뱅크는 피싱범죄 피해를 줄일 수 있는 방법을 제시한다.
207,케이뱅크의 도입으로 국내 인터넷은행 3사 중 2개 사가 에버스핀의 고객사로 합류하게 되었다. 케이뱅크는 피싱범죄 피해를 줄일 수 있는 방법을 제시한다.
208,정규돈 카카오 최고기술책임자(CTO)는 2021년 8월 카카오뱅크 상장 직후 70억원이 넘는 차익을 실현해 논란을 일으키었고 금융감독원이 해임을 시켰다.
209,카카오뱅크는 어린이 및 청소년 문화 예술 활동 증진을 위해 2024 아시테지 국제여름축제에 5000만 원을 후원한다고 밝혔다.
210,카카오뱅크는 어린이 청소년 문화 예술 활동 증진을 위해 2024 아시테지 국제여름축제에 5000만 원을 후원한다고 밝혔다.
211,카카오뱅크는 어린이 및 청소년 문화 예술 활동 증진을 위해 2024 아시테지 국제여름축제에 5000만 원을 후원한다고 밝혔다. 2024 아시테지 국제여름축제는 어린이 및 청소년 문화 예술 활동 증진을 위해 매년 개최되고 있다.
212,카카오뱅크는 어린이 청소년 문화 예술 활동 증진을 위해 2024 아시테지 국제여름축제에 5000만 원을 후원한다고 밝혔다.
213,카카오뱅크는 어린이 청소년 문화 예술 활동 증진을 위해 2024 아시테지 국제여름축제에 5000만 원을 후원한다고 밝혔다.
214,카카오뱅크는 어린이 청소년 문화 예술 활동 증진을 위해 2024 아시테지 국제여름축제에 5000만 원을 후원한다고 밝혔다. 1993년 시작된 아시테지 국제여름축제는 국·내외 어린이 청소년 문화 예술 활동 증진을 위해 매년 진행되고 있다.
215,카카오뱅크는 어린이 및 청소년 문화 예술 활동 증진을 위해 2024 아시테지 국제여름축제에 5000만 원을 후원한다.
216,카카오뱅크는 어린이 청소년 문화 예술 활동 증진을 위해 2024 아시테지 국제여름축제에 5000만 원을 후원한다고 밝혔다. 2024 아시테지 국제여름축제는 국·내외 어린이
217,카카오뱅크는 어린이 청소년 문화 예술 활동 증진을 위해 2024 아시테지 국제여름축제에 5000만 원을 후원한다고 밝혔다.
218,카카오뱅크는 어린이 및 청소년 문화 예술 활동 증진을 위해 2024 아시테지 국제여름축제에 5000만 원을 후원한다고 밝혔다.
219,카카오뱅크는 어린이 및 청소년 문화 예술 활동 증진을 위해 2024 아시테지 국제여름축제에 5000만 원을 후원한다고 밝혔다.
220,카카오뱅크는 어린이 청소년 문화 예술 활동 증진을 위해 2024 아시테지 국제여름축제에 5000만 원을 후원한다고 밝혔다.
221,카카오뱅크는 어린이 청소년 문화 예술 활동 증진을 위해 2024 아시테지 국제여름축제에 5000만 원을 후원한다고 밝혔다.
222,카카오뱅크는 어린이 청소년 문화 예술 활동 증진을 위해 2024 아시테지 국제여름축제에 5000만 원을 후원했다. 1993년 시작된 아시테지 국제여름축제는 국·내외 어린이 등 다양한 분야에서 활발히 활동하고 있다.
223,카카오뱅크는 어린이 청소년 문화 예술 활동 증진을 위해 2024 아시테지 국제여름축제에 5000만 원을 후원한다고 밝혔다. 2024 아시테지 국제여름축제는 국·내외 어린이 청소년 문화 예술 활동 증진을 위해 매년 개최되고 있다.
224,카카오뱅크는 어린이 청소년 문화 예술 활동 증진을 위해 2024 아시테지 국제여름축제에 5000만 원을 후원한다고 밝혔다. 2024 아시테지 국제여름축제는 국·내외 어린이 청소년 문화 예술 활동 증진을 위해 매년 개최되고 있다.
225,카카오뱅크는 어린이 청소년 문화 예술 활동 증진을 위해 2024 아시테지 국제여름축제에 5000만 원을 후원한다고 밝혔다.
226,카카오뱅크는 어린이 청소년 문화 예술 활동 증진을 위해 2024 아시테지 국제여름축제에 5000만 원을 후원한다고 밝혔다.
227,카카오뱅크는 어린이 청소년 문화 예술 활동 증진을 위해 2024 아시테지 국제여름축제에 5000만 원을 후원한다고 밝혔다.
228,"카카오뱅크는 어린이 및 청소년 문화 예술 활동 증진을 위해 2024 아시테지 국제여름축제에 5,000만 원을 후원한다고 밝혔다. 2024 아시테지 국제여름축제는 어린이 및 청소년 문화 예술 활동 증진을 위해 매년 개최되고 있다."
229,카카오뱅크는 어린이 청소년 문화 예술 활동 증진을 위해 2024 아시테지 국제여름축제에 5000만 원을 후원한다고 밝혔다. 2024 아시테지 국제여름축제는 국·내외 어린이 청소년 문화 예술 활동 증진을 위해 매년 개최되고 있다.
230,카카오뱅크는 어린이 청소년 문화 예술 활동 증진을 위해 2024 아시테지 국제여름축제에 5000만 원을 후원한다고 밝혔다.
231,금융감독원이 인터넷전문은행이 운영하는 모임 통장의 개설 주기를 제한하고 있다. 금융권에 따르면 카카오뱅크는 회원이 모임 통장을 개설하면 한 달에 1개로 제한한다.
232,카카오뱅크는 어린이 청소년 문화 예술 활동 증진을 위해 2024 아시테지 국제여름축제에 5000만 원을 후원한다고 밝혔다.
233,카카오뱅크는 어린이 청소년 문화 예술 활동 증진을 위해 2024 아시테지 국제여름축제에 5000만 원을 후원한다고 밝혔다.
234,카카오뱅크는 어린이 및 청소년의 문화 예술 활동 증진을 위해 2024 아시테지 국제여름축제에 5000만 원을 후원한다고 밝혔다.
235,"카카오뱅크는 어린이 청소년 문화 예술 활동 증진을 위해 2024 아시테지 국제여름축제에 5,000만 원을 후원한다고 밝혔다."
236,케이뱅크의 도입으로 국내 인터넷은행 3사 중 카카오뱅크와 케이뱅크 등 두 곳이 에버스핀 고객사로 합류하게 되었다.
237,"카카오뱅크는 어린이 및 청소년 문화 예술 활동 증진을 위해 2024 아시테지 국제여름축제에 5,000만 원을 후원한다고 밝혔다. 2024 아시테지 국제여름축제는 어린이 및 청소년 문화 예술 활동 증진을 위해 매년 개최되고 있다."
238,카카오뱅크는 어린이 청소년 문화 예술 활동 증진을 위해 2024 아시테지 국제여름축제에 5000만 원을 후원한다고 밝혔다.
239,카카오뱅크는 어린이 및 청소년 문화 예술 활동 증진을 위해 2024 아시테지 국제여름축제에 5천만 원을 후원한다고 밝혔다. 2024 아시테지 국제여름축제는 국·내외 어린이 및 청소년 문화 예술 활동 증진을 위해 매년 개최되고 있다.
240,케이뱅크의 도입으로 국내 인터넷은행 3사 중 2개 사가 에버스핀의 고객사로 합류하여 피싱범죄 피해를 볼 가능성을 낮추고 금융안전을 강화하였다.
241,"카카오뱅크는 어린이 및 청소년 문화 예술 활동 증진을 위해 2024아시테지 국제여름축제에 5,000만 원을 후원하였다."
242,카카오뱅크는 어린이 청소년 문화 예술 활동 활성화를 위해 2024 아시테지 국제여름축제에 5000만 원을 후원한다.
243,카카오뱅크 CTO 정 씨의 인사 논란은 카카오뱅크 상장 직후 스톡옵션 76억 원을 행사한 정 씨 CTO 영입 이후 두 번째입니다. 당시 카카오의 내부통제기구인 준법과신뢰위원회에서 정 씨에 대한 우려를
244,카카오뱅크는 어린이 청소년 문화 예술 활동 증진을 위해 2024 아시테지 국제여름축제에 5000만 원을 후원한다고 밝혔다.
245,케이뱅크의 도입으로 국내 인터넷은행 3사 중 2개 사가 에버스핀의 고객사로 합류하게 되었다. 케이뱅크는 피싱범죄 피해를 줄일 수 있는 방법을 제시한다.
246,케이뱅크의 도입으로 국내 인터넷은행 3사 중 2개 사가 에버스핀의 고객사로 합류하게 되었다. 케이뱅크는 피싱범죄 피해를 줄일 수 있는 방법을 제시한다.
247,"카카오뱅크는 2021년 상장 이후 세계적인 ESG평가에서 두각을 나타냈으며, 2023년 AA등급을 받으며 3년 연속 ESG평가에서 AA등급을 받고 있다."
248,케이뱅크와 카카오뱅크는 청소년에게 올바른 금융 습관을 심어줄 하이틴 서비스를 제공한다. 하이틴은 만 14세~만 18세 미만 청소년을 대상으로 한다.
249,"OK캐쉬백 앱의 오퀴즈에 KB Pay 카카오뱅크 관련 문제가 나와 신규고객 8,321명에게 총 1억원 상당의 혜택을 주는 카뱅 관련 문제가 나왔다."
250,케이뱅크가 에버스핀의 고객사로 합류함으로써 국내 인터넷은행 3사 중 카카오뱅크와 케이뱅크까지 총 2개사가 에버스핀의 고객사로 합류하게 되었다.
251,케이뱅크의 도입으로 국내 인터넷은행 3사 중 2개 사가 에버스핀의 고객사로 합류하게 되었다. 케이뱅크는 피싱범죄 피해를 줄일 수 있는 방법을 제시한다.
252,케이뱅크의 도입으로 국내 인터넷은행 3사 중 2개 사가 에버스핀의 고객사로 합류하게 되었다. 케이뱅크는 피싱범죄 피해를 줄일 수 있는 방법을 제시한다.
253,리브메이트 오늘의 퀴즈는 포인트를 얻을 수 있는 포인트 이벤트로 카카오뱅크 등록만 하면 총 상금 1억원을 쏩니다. 이벤트의 2등 당첨금액은 1백만 P이다.
254,케이뱅크의 도입으로 국내 인터넷은행 3사 중 2개 사가 에버스핀의 고객사로 합류하게 되었다. 케이뱅크는 피싱범죄 피해를 줄일 수 있는 방법을 제시한다.
255,케이뱅크의 도입으로 국내 인터넷은행 3사 중 2개 사가 에버스핀의 고객사로 합류하게 되었다. 케이뱅크는 피싱범죄 피해를 줄일 수 있는 방법을 제시한다.
256,케이뱅크의 도입으로 국내 인터넷은행 3사 중 2개 사가 에버스핀의 고객사로 합류하게 되었다. 케이뱅크는 피싱범죄 피해를 줄일 수 있는 방법을 제시한다.
257,국내 인터넷은행 3사 중 2개사는 에버스핀의 고객사로 합류하여 악성앱으로 인한 피싱 범죄로부터 피해를 입을 가능성을 최소화하여 피싱 범죄로부터 피해를 입을 가능성을 최소화하였다.
258,케이뱅크의 도입으로 국내 인터넷은행 3사 중 2개 사가 에버스핀의 고객사로 합류하게 되었다. 케이뱅크는 피싱범죄 피해를 줄일 수 있는 방법을 제시한다.
259,케이뱅크의 도입으로 국내 인터넷은행 3사 중 2개 사가 에버스핀의 고객사로 합류하게 되었다. 케이뱅크는 피싱범죄 피해를 줄일 수 있는 방법을 제시한다.
260,정규돈 카카오 최고기술책임자(CTO)는 2021년 8월 카카오뱅크 상장 직후 70억원이 넘는 차익을 실현해 논란을 일으키었고 금융감독원이 해임을 시켰다.
261,카카오뱅크는 어린이 및 청소년 문화 예술 활동 증진을 위해 2024 아시테지 국제여름축제에 5000만 원을 후원한다고 밝혔다.
262,카카오뱅크는 어린이 청소년 문화 예술 활동 증진을 위해 2024 아시테지 국제여름축제에 5000만 원을 후원한다고 밝혔다.
263,카카오뱅크는 어린이 및 청소년 문화 예술 활동 증진을 위해 2024 아시테지 국제여름축제에 5000만 원을 후원한다고 밝혔다. 2024 아시테지 국제여름축제는 어린이 및 청소년 문화 예술 활동 증진을 위해 매년 개최되고 있다.
264,카카오뱅크는 어린이 청소년 문화 예술 활동 증진을 위해 2024 아시테지 국제여름축제에 5000만 원을 후원한다고 밝혔다.
265,카카오뱅크는 어린이 청소년 문화 예술 활동 증진을 위해 2024 아시테지 국제여름축제에 5000만 원을 후원한다고 밝혔다.
266,카카오뱅크는 어린이 청소년 문화 예술 활동 증진을 위해 2024 아시테지 국제여름축제에 5000만 원을 후원한다고 밝혔다. 1993년 시작된 아시테지 국제여름축제는 국·내외 어린이 청소년 문화 예술 활동 증진을 위해 매년 진행되고 있다.
267,카카오뱅크는 어린이 및 청소년 문화 예술 활동 증진을 위해 2024 아시테지 국제여름축제에 5000만 원을 후원한다.
268,카카오뱅크는 어린이 청소년 문화 예술 활동 증진을 위해 2024 아시테지 국제여름축제에 5000만 원을 후원한다고 밝혔다. 2024 아시테지 국제여름축제는 국·내외 어린이
269,카카오뱅크는 어린이 청소년 문화 예술 활동 증진을 위해 2024 아시테지 국제여름축제에 5000만 원을 후원한다고 밝혔다.
270,카카오뱅크는 어린이 및 청소년 문화 예술 활동 증진을 위해 2024 아시테지 국제여름축제에 5000만 원을 후원한다고 밝혔다.
271,카카오뱅크는 어린이 및 청소년 문화 예술 활동 증진을 위해 2024 아시테지 국제여름축제에 5000만 원을 후원한다고 밝혔다.
272,카카오뱅크는 어린이 청소년 문화 예술 활동 증진을 위해 2024 아시테지 국제여름축제에 5000만 원을 후원한다고 밝혔다.
273,카카오뱅크는 어린이 청소년 문화 예술 활동 증진을 위해 2024 아시테지 국제여름축제에 5000만 원을 후원한다고 밝혔다.
274,카카오뱅크는 어린이 청소년 문화 예술 활동 증진을 위해 2024 아시테지 국제여름축제에 5000만 원을 후원했다. 1993년 시작된 아시테지 국제여름축제는 국·내외 어린이 등 다양한 분야에서 활발히 활동하고 있다.
275,카카오뱅크는 어린이 청소년 문화 예술 활동 증진을 위해 2024 아시테지 국제여름축제에 5000만 원을 후원한다고 밝혔다. 2024 아시테지 국제여름축제는 국·내외 어린이 청소년 문화 예술 활동 증진을 위해 매년 개최되고 있다.
276,카카오뱅크는 어린이 청소년 문화 예술 활동 증진을 위해 2024 아시테지 국제여름축제에 5000만 원을 후원한다고 밝혔다. 2024 아시테지 국제여름축제는 국·내외 어린이 청소년 문화 예술 활동 증진을 위해 매년 개최되고 있다.
277,카카오뱅크는 어린이 청소년 문화 예술 활동 증진을 위해 2024 아시테지 국제여름축제에 5000만 원을 후원한다고 밝혔다.
278,카카오뱅크는 어린이 청소년 문화 예술 활동 증진을 위해 2024 아시테지 국제여름축제에 5000만 원을 후원한다고 밝혔다.
279,카카오뱅크는 어린이 청소년 문화 예술 활동 증진을 위해 2024 아시테지 국제여름축제에 5000만 원을 후원한다고 밝혔다.
280,"카카오뱅크는 어린이 및 청소년 문화 예술 활동 증진을 위해 2024 아시테지 국제여름축제에 5,000만 원을 후원한다고 밝혔다. 2024 아시테지 국제여름축제는 어린이 및 청소년 문화 예술 활동 증진을 위해 매년 개최되고 있다."
281,카카오뱅크는 어린이 청소년 문화 예술 활동 증진을 위해 2024 아시테지 국제여름축제에 5000만 원을 후원한다고 밝혔다. 2024 아시테지 국제여름축제는 국·내외 어린이 청소년 문화 예술 활동 증진을 위해 매년 개최되고 있다.
282,카카오뱅크는 어린이 청소년 문화 예술 활동 증진을 위해 2024 아시테지 국제여름축제에 5000만 원을 후원한다고 밝혔다.
283,금융감독원이 인터넷전문은행이 운영하는 모임 통장의 개설 주기를 제한하고 있다. 금융권에 따르면 카카오뱅크는 회원이 모임 통장을 개설하면 한 달에 1개로 제한한다.
284,카카오뱅크는 어린이 청소년 문화 예술 활동 증진을 위해 2024 아시테지 국제여름축제에 5000만 원을 후원한다고 밝혔다.
285,카카오뱅크는 어린이 청소년 문화 예술 활동 증진을 위해 2024 아시테지 국제여름축제에 5000만 원을 후원한다고 밝혔다.
286,카카오뱅크는 어린이 및 청소년의 문화 예술 활동 증진을 위해 2024 아시테지 국제여름축제에 5000만 원을 후원한다고 밝혔다.
287,"카카오뱅크는 어린이 청소년 문화 예술 활동 증진을 위해 2024 아시테지 국제여름축제에 5,000만 원을 후원한다고 밝혔다."
288,케이뱅크의 도입으로 국내 인터넷은행 3사 중 카카오뱅크와 케이뱅크 등 두 곳이 에버스핀 고객사로 합류하게 되었다.
289,"카카오뱅크는 어린이 및 청소년 문화 예술 활동 증진을 위해 2024 아시테지 국제여름축제에 5,000만 원을 후원한다고 밝혔다. 2024 아시테지 국제여름축제는 어린이 및 청소년 문화 예술 활동 증진을 위해 매년 개최되고 있다."
290,카카오뱅크는 어린이 청소년 문화 예술 활동 증진을 위해 2024 아시테지 국제여름축제에 5000만 원을 후원한다고 밝혔다.
291,카카오뱅크는 어린이 및 청소년 문화 예술 활동 증진을 위해 2024 아시테지 국제여름축제에 5천만 원을 후원한다고 밝혔다. 2024 아시테지 국제여름축제는 국·내외 어린이 및 청소년 문화 예술 활동 증진을 위해 매년 개최되고 있다.
292,케이뱅크의 도입으로 국내 인터넷은행 3사 중 2개 사가 에버스핀의 고객사로 합류하여 피싱범죄 피해를 볼 가능성을 낮추고 금융안전을 강화하였다.
293,"카카오뱅크는 어린이 및 청소년 문화 예술 활동 증진을 위해 2024아시테지 국제여름축제에 5,000만 원을 후원하였다."
294,카카오뱅크는 어린이 청소년 문화 예술 활동 활성화를 위해 2024 아시테지 국제여름축제에 5000만 원을 후원한다.
295,카카오뱅크 CTO 정 씨의 인사 논란은 카카오뱅크 상장 직후 스톡옵션 76억 원을 행사한 정 씨 CTO 영입 이후 두 번째입니다. 당시 카카오의 내부통제기구인 준법과신뢰위원회에서 정 씨에 대한 우려를
296,카카오뱅크는 어린이 청소년 문화 예술 활동 증진을 위해 2024 아시테지 국제여름축제에 5000만 원을 후원한다고 밝혔다.
297,케이뱅크의 도입으로 국내 인터넷은행 3사 중 2개 사가 에버스핀의 고객사로 합류하게 되었다. 케이뱅크는 피싱범죄 피해를 줄일 수 있는 방법을 제시한다.
298,케이뱅크의 도입으로 국내 인터넷은행 3사 중 2개 사가 에버스핀의 고객사로 합류하게 되었다. 케이뱅크는 피싱범죄 피해를 줄일 수 있는 방법을 제시한다.
299,"카카오뱅크는 2021년 상장 이후 세계적인 ESG평가에서 두각을 나타냈으며, 2023년 AA등급을 받으며 3년 연속 ESG평가에서 AA등급을 받고 있다."
300,케이뱅크와 카카오뱅크는 청소년에게 올바른 금융 습관을 심어줄 하이틴 서비스를 제공한다. 하이틴은 만 14세~만 18세 미만 청소년을 대상으로 한다.
301,"OK캐쉬백 앱의 오퀴즈에 KB Pay 카카오뱅크 관련 문제가 나와 신규고객 8,321명에게 총 1억원 상당의 혜택을 주는 카뱅 관련 문제가 나왔다."
302,케이뱅크가 에버스핀의 고객사로 합류함으로써 국내 인터넷은행 3사 중 카카오뱅크와 케이뱅크까지 총 2개사가 에버스핀의 고객사로 합류하게 되었다.
303,케이뱅크의 도입으로 국내 인터넷은행 3사 중 2개 사가 에버스핀의 고객사로 합류하게 되었다. 케이뱅크는 피싱범죄 피해를 줄일 수 있는 방법을 제시한다.
304,케이뱅크의 도입으로 국내 인터넷은행 3사 중 2개 사가 에버스핀의 고객사로 합류하게 되었다. 케이뱅크는 피싱범죄 피해를 줄일 수 있는 방법을 제시한다.
305,리브메이트 오늘의 퀴즈는 포인트를 얻을 수 있는 포인트 이벤트로 카카오뱅크 등록만 하면 총 상금 1억원을 쏩니다. 이벤트의 2등 당첨금액은 1백만 P이다.
306,케이뱅크의 도입으로 국내 인터넷은행 3사 중 2개 사가 에버스핀의 고객사로 합류하게 되었다. 케이뱅크는 피싱범죄 피해를 줄일 수 있는 방법을 제시한다.
307,케이뱅크의 도입으로 국내 인터넷은행 3사 중 2개 사가 에버스핀의 고객사로 합류하게 되었다. 케이뱅크는 피싱범죄 피해를 줄일 수 있는 방법을 제시한다.
308,케이뱅크의 도입으로 국내 인터넷은행 3사 중 2개 사가 에버스핀의 고객사로 합류하게 되었다. 케이뱅크는 피싱범죄 피해를 줄일 수 있는 방법을 제시한다.
309,국내 인터넷은행 3사 중 2개사는 에버스핀의 고객사로 합류하여 악성앱으로 인한 피싱 범죄로부터 피해를 입을 가능성을 최소화하여 피싱 범죄로부터 피해를 입을 가능성을 최소화하였다.
310,케이뱅크의 도입으로 국내 인터넷은행 3사 중 2개 사가 에버스핀의 고객사로 합류하게 되었다. 케이뱅크는 피싱범죄 피해를 줄일 수 있는 방법을 제시한다.
311,케이뱅크의 도입으로 국내 인터넷은행 3사 중 2개 사가 에버스핀의 고객사로 합류하게 되었다. 케이뱅크는 피싱범죄 피해를 줄일 수 있는 방법을 제시한다.
312,정규돈 카카오 최고기술책임자(CTO)는 2021년 8월 카카오뱅크 상장 직후 70억원이 넘는 차익을 실현해 논란을 일으키었고 금융감독원이 해임을 시켰다.
313,카카오뱅크는 어린이 및 청소년 문화 예술 활동 증진을 위해 2024 아시테지 국제여름축제에 5000만 원을 후원한다고 밝혔다.
314,카카오뱅크는 어린이 청소년 문화 예술 활동 증진을 위해 2024 아시테지 국제여름축제에 5000만 원을 후원한다고 밝혔다.
315,카카오뱅크는 어린이 및 청소년 문화 예술 활동 증진을 위해 2024 아시테지 국제여름축제에 5000만 원을 후원한다고 밝혔다. 2024 아시테지 국제여름축제는 어린이 및 청소년 문화 예술 활동 증진을 위해 매년 개최되고 있다.
316,카카오뱅크는 어린이 청소년 문화 예술 활동 증진을 위해 2024 아시테지 국제여름축제에 5000만 원을 후원한다고 밝혔다.
317,카카오뱅크는 어린이 청소년 문화 예술 활동 증진을 위해 2024 아시테지 국제여름축제에 5000만 원을 후원한다고 밝혔다.
318,카카오뱅크는 어린이 청소년 문화 예술 활동 증진을 위해 2024 아시테지 국제여름축제에 5000만 원을 후원한다고 밝혔다. 1993년 시작된 아시테지 국제여름축제는 국·내외 어린이 청소년 문화 예술 활동 증진을 위해 매년 진행되고 있다.
319,카카오뱅크는 어린이 및 청소년 문화 예술 활동 증진을 위해 2024 아시테지 국제여름축제에 5000만 원을 후원한다.
320,카카오뱅크는 어린이 청소년 문화 예술 활동 증진을 위해 2024 아시테지 국제여름축제에 5000만 원을 후원한다고 밝혔다. 2024 아시테지 국제여름축제는 국·내외 어린이
321,카카오뱅크는 어린이 청소년 문화 예술 활동 증진을 위해 2024 아시테지 국제여름축제에 5000만 원을 후원한다고 밝혔다.
322,카카오뱅크는 어린이 및 청소년 문화 예술 활동 증진을 위해 2024 아시테지 국제여름축제에 5000만 원을 후원한다고 밝혔다.
323,카카오뱅크는 어린이 및 청소년 문화 예술 활동 증진을 위해 2024 아시테지 국제여름축제에 5000만 원을 후원한다고 밝혔다.
324,카카오뱅크는 어린이 청소년 문화 예술 활동 증진을 위해 2024 아시테지 국제여름축제에 5000만 원을 후원한다고 밝혔다.
325,카카오뱅크는 어린이 청소년 문화 예술 활동 증진을 위해 2024 아시테지 국제여름축제에 5000만 원을 후원한다고 밝혔다.
326,카카오뱅크는 어린이 청소년 문화 예술 활동 증진을 위해 2024 아시테지 국제여름축제에 5000만 원을 후원했다. 1993년 시작된 아시테지 국제여름축제는 국·내외 어린이 등 다양한 분야에서 활발히 활동하고 있다.
327,카카오뱅크는 어린이 청소년 문화 예술 활동 증진을 위해 2024 아시테지 국제여름축제에 5000만 원을 후원한다고 밝혔다. 2024 아시테지 국제여름축제는 국·내외 어린이 청소년 문화 예술 활동 증진을 위해 매년 개최되고 있다.
328,카카오뱅크는 어린이 청소년 문화 예술 활동 증진을 위해 2024 아시테지 국제여름축제에 5000만 원을 후원한다고 밝혔다. 2024 아시테지 국제여름축제는 국·내외 어린이 청소년 문화 예술 활동 증진을 위해 매년 개최되고 있다.
329,카카오뱅크는 어린이 청소년 문화 예술 활동 증진을 위해 2024 아시테지 국제여름축제에 5000만 원을 후원한다고 밝혔다.
330,카카오뱅크는 어린이 청소년 문화 예술 활동 증진을 위해 2024 아시테지 국제여름축제에 5000만 원을 후원한다고 밝혔다.
331,카카오뱅크는 어린이 청소년 문화 예술 활동 증진을 위해 2024 아시테지 국제여름축제에 5000만 원을 후원한다고 밝혔다.
332,"카카오뱅크는 어린이 및 청소년 문화 예술 활동 증진을 위해 2024 아시테지 국제여름축제에 5,000만 원을 후원한다고 밝혔다. 2024 아시테지 국제여름축제는 어린이 및 청소년 문화 예술 활동 증진을 위해 매년 개최되고 있다."
333,카카오뱅크는 어린이 청소년 문화 예술 활동 증진을 위해 2024 아시테지 국제여름축제에 5000만 원을 후원한다고 밝혔다. 2024 아시테지 국제여름축제는 국·내외 어린이 청소년 문화 예술 활동 증진을 위해 매년 개최되고 있다.
334,카카오뱅크는 어린이 청소년 문화 예술 활동 증진을 위해 2024 아시테지 국제여름축제에 5000만 원을 후원한다고 밝혔다.
335,금융감독원이 인터넷전문은행이 운영하는 모임 통장의 개설 주기를 제한하고 있다. 금융권에 따르면 카카오뱅크는 회원이 모임 통장을 개설하면 한 달에 1개로 제한한다.
336,카카오뱅크는 어린이 청소년 문화 예술 활동 증진을 위해 2024 아시테지 국제여름축제에 5000만 원을 후원한다고 밝혔다.
337,카카오뱅크는 어린이 청소년 문화 예술 활동 증진을 위해 2024 아시테지 국제여름축제에 5000만 원을 후원한다고 밝혔다.
338,카카오뱅크는 어린이 및 청소년의 문화 예술 활동 증진을 위해 2024 아시테지 국제여름축제에 5000만 원을 후원한다고 밝혔다.
339,"카카오뱅크는 어린이 청소년 문화 예술 활동 증진을 위해 2024 아시테지 국제여름축제에 5,000만 원을 후원한다고 밝혔다."
340,케이뱅크의 도입으로 국내 인터넷은행 3사 중 카카오뱅크와 케이뱅크 등 두 곳이 에버스핀 고객사로 합류하게 되었다.
341,"카카오뱅크는 어린이 및 청소년 문화 예술 활동 증진을 위해 2024 아시테지 국제여름축제에 5,000만 원을 후원한다고 밝혔다. 2024 아시테지 국제여름축제는 어린이 및 청소년 문화 예술 활동 증진을 위해 매년 개최되고 있다."
342,카카오뱅크는 어린이 청소년 문화 예술 활동 증진을 위해 2024 아시테지 국제여름축제에 5000만 원을 후원한다고 밝혔다.
343,카카오뱅크는 어린이 및 청소년 문화 예술 활동 증진을 위해 2024 아시테지 국제여름축제에 5천만 원을 후원한다고 밝혔다. 2024 아시테지 국제여름축제는 국·내외 어린이 및 청소년 문화 예술 활동 증진을 위해 매년 개최되고 있다.
344,케이뱅크의 도입으로 국내 인터넷은행 3사 중 2개 사가 에버스핀의 고객사로 합류하여 피싱범죄 피해를 볼 가능성을 낮추고 금융안전을 강화하였다.
345,"카카오뱅크는 어린이 및 청소년 문화 예술 활동 증진을 위해 2024아시테지 국제여름축제에 5,000만 원을 후원하였다."
346,카카오뱅크는 어린이 청소년 문화 예술 활동 활성화를 위해 2024 아시테지 국제여름축제에 5000만 원을 후원한다.
347,카카오뱅크 CTO 정 씨의 인사 논란은 카카오뱅크 상장 직후 스톡옵션 76억 원을 행사한 정 씨 CTO 영입 이후 두 번째입니다. 당시 카카오의 내부통제기구인 준법과신뢰위원회에서 정 씨에 대한 우려를
348,카카오뱅크는 어린이 청소년 문화 예술 활동 증진을 위해 2024 아시테지 국제여름축제에 5000만 원을 후원한다고 밝혔다.
349,케이뱅크의 도입으로 국내 인터넷은행 3사 중 2개 사가 에버스핀의 고객사로 합류하게 되었다. 케이뱅크는 피싱범죄 피해를 줄일 수 있는 방법을 제시한다.
350,케이뱅크의 도입으로 국내 인터넷은행 3사 중 2개 사가 에버스핀의 고객사로 합류하게 되었다. 케이뱅크는 피싱범죄 피해를 줄일 수 있는 방법을 제시한다.
351,"카카오뱅크는 2021년 상장 이후 세계적인 ESG평가에서 두각을 나타냈으며, 2023년 AA등급을 받으며 3년 연속 ESG평가에서 AA등급을 받고 있다."
352,케이뱅크와 카카오뱅크는 청소년에게 올바른 금융 습관을 심어줄 하이틴 서비스를 제공한다. 하이틴은 만 14세~만 18세 미만 청소년을 대상으로 한다.
353,"OK캐쉬백 앱의 오퀴즈에 KB Pay 카카오뱅크 관련 문제가 나와 신규고객 8,321명에게 총 1억원 상당의 혜택을 주는 카뱅 관련 문제가 나왔다."
354,케이뱅크가 에버스핀의 고객사로 합류함으로써 국내 인터넷은행 3사 중 카카오뱅크와 케이뱅크까지 총 2개사가 에버스핀의 고객사로 합류하게 되었다.
355,케이뱅크의 도입으로 국내 인터넷은행 3사 중 2개 사가 에버스핀의 고객사로 합류하게 되었다. 케이뱅크는 피싱범죄 피해를 줄일 수 있는 방법을 제시한다.
356,케이뱅크의 도입으로 국내 인터넷은행 3사 중 2개 사가 에버스핀의 고객사로 합류하게 되었다. 케이뱅크는 피싱범죄 피해를 줄일 수 있는 방법을 제시한다.
357,리브메이트 오늘의 퀴즈는 포인트를 얻을 수 있는 포인트 이벤트로 카카오뱅크 등록만 하면 총 상금 1억원을 쏩니다. 이벤트의 2등 당첨금액은 1백만 P이다.
358,케이뱅크의 도입으로 국내 인터넷은행 3사 중 2개 사가 에버스핀의 고객사로 합류하게 되었다. 케이뱅크는 피싱범죄 피해를 줄일 수 있는 방법을 제시한다.
359,케이뱅크의 도입으로 국내 인터넷은행 3사 중 2개 사가 에버스핀의 고객사로 합류하게 되었다. 케이뱅크는 피싱범죄 피해를 줄일 수 있는 방법을 제시한다.
360,케이뱅크의 도입으로 국내 인터넷은행 3사 중 2개 사가 에버스핀의 고객사로 합류하게 되었다. 케이뱅크는 피싱범죄 피해를 줄일 수 있는 방법을 제시한다.
361,국내 인터넷은행 3사 중 2개사는 에버스핀의 고객사로 합류하여 악성앱으로 인한 피싱 범죄로부터 피해를 입을 가능성을 최소화하여 피싱 범죄로부터 피해를 입을 가능성을 최소화하였다.
362,케이뱅크의 도입으로 국내 인터넷은행 3사 중 2개 사가 에버스핀의 고객사로 합류하게 되었다. 케이뱅크는 피싱범죄 피해를 줄일 수 있는 방법을 제시한다.
363,케이뱅크의 도입으로 국내 인터넷은행 3사 중 2개 사가 에버스핀의 고객사로 합류하게 되었다. 케이뱅크는 피싱범죄 피해를 줄일 수 있는 방법을 제시한다.
364,정규돈 카카오 최고기술책임자(CTO)는 2021년 8월 카카오뱅크 상장 직후 70억원이 넘는 차익을 실현해 논란을 일으키었고 금융감독원이 해임을 시켰다.
365,카카오뱅크는 어린이 및 청소년 문화 예술 활동 증진을 위해 2024 아시테지 국제여름축제에 5000만 원을 후원한다고 밝혔다.
366,카카오뱅크는 어린이 청소년 문화 예술 활동 증진을 위해 2024 아시테지 국제여름축제에 5000만 원을 후원한다고 밝혔다.
367,카카오뱅크는 어린이 및 청소년 문화 예술 활동 증진을 위해 2024 아시테지 국제여름축제에 5000만 원을 후원한다고 밝혔다. 2024 아시테지 국제여름축제는 어린이 및 청소년 문화 예술 활동 증진을 위해 매년 개최되고 있다.
368,카카오뱅크는 어린이 청소년 문화 예술 활동 증진을 위해 2024 아시테지 국제여름축제에 5000만 원을 후원한다고 밝혔다.
369,카카오뱅크는 어린이 청소년 문화 예술 활동 증진을 위해 2024 아시테지 국제여름축제에 5000만 원을 후원한다고 밝혔다.
370,카카오뱅크는 어린이 청소년 문화 예술 활동 증진을 위해 2024 아시테지 국제여름축제에 5000만 원을 후원한다고 밝혔다. 1993년 시작된 아시테지 국제여름축제는 국·내외 어린이 청소년 문화 예술 활동 증진을 위해 매년 진행되고 있다.
371,카카오뱅크는 어린이 및 청소년 문화 예술 활동 증진을 위해 2024 아시테지 국제여름축제에 5000만 원을 후원한다.
372,카카오뱅크는 어린이 청소년 문화 예술 활동 증진을 위해 2024 아시테지 국제여름축제에 5000만 원을 후원한다고 밝혔다. 2024 아시테지 국제여름축제는 국·내외 어린이
373,카카오뱅크는 어린이 청소년 문화 예술 활동 증진을 위해 2024 아시테지 국제여름축제에 5000만 원을 후원한다고 밝혔다.
374,카카오뱅크는 어린이 및 청소년 문화 예술 활동 증진을 위해 2024 아시테지 국제여름축제에 5000만 원을 후원한다고 밝혔다.
375,카카오뱅크는 어린이 및 청소년 문화 예술 활동 증진을 위해 2024 아시테지 국제여름축제에 5000만 원을 후원한다고 밝혔다.
376,카카오뱅크는 어린이 청소년 문화 예술 활동 증진을 위해 2024 아시테지 국제여름축제에 5000만 원을 후원한다고 밝혔다.
377,카카오뱅크는 어린이 청소년 문화 예술 활동 증진을 위해 2024 아시테지 국제여름축제에 5000만 원을 후원한다고 밝혔다.
378,카카오뱅크는 어린이 청소년 문화 예술 활동 증진을 위해 2024 아시테지 국제여름축제에 5000만 원을 후원했다. 1993년 시작된 아시테지 국제여름축제는 국·내외 어린이 등 다양한 분야에서 활발히 활동하고 있다.
379,카카오뱅크는 어린이 청소년 문화 예술 활동 증진을 위해 2024 아시테지 국제여름축제에 5000만 원을 후원한다고 밝혔다. 2024 아시테지 국제여름축제는 국·내외 어린이 청소년 문화 예술 활동 증진을 위해 매년 개최되고 있다.
380,카카오뱅크는 어린이 청소년 문화 예술 활동 증진을 위해 2024 아시테지 국제여름축제에 5000만 원을 후원한다고 밝혔다. 2024 아시테지 국제여름축제는 국·내외 어린이 청소년 문화 예술 활동 증진을 위해 매년 개최되고 있다.
381,카카오뱅크는 어린이 청소년 문화 예술 활동 증진을 위해 2024 아시테지 국제여름축제에 5000만 원을 후원한다고 밝혔다.
382,카카오뱅크는 어린이 청소년 문화 예술 활동 증진을 위해 2024 아시테지 국제여름축제에 5000만 원을 후원한다고 밝혔다.
383,카카오뱅크는 어린이 청소년 문화 예술 활동 증진을 위해 2024 아시테지 국제여름축제에 5000만 원을 후원한다고 밝혔다.
384,"카카오뱅크는 어린이 및 청소년 문화 예술 활동 증진을 위해 2024 아시테지 국제여름축제에 5,000만 원을 후원한다고 밝혔다. 2024 아시테지 국제여름축제는 어린이 및 청소년 문화 예술 활동 증진을 위해 매년 개최되고 있다."
385,카카오뱅크는 어린이 청소년 문화 예술 활동 증진을 위해 2024 아시테지 국제여름축제에 5000만 원을 후원한다고 밝혔다. 2024 아시테지 국제여름축제는 국·내외 어린이 청소년 문화 예술 활동 증진을 위해 매년 개최되고 있다.
386,카카오뱅크는 어린이 청소년 문화 예술 활동 증진을 위해 2024 아시테지 국제여름축제에 5000만 원을 후원한다고 밝혔다.
387,금융감독원이 인터넷전문은행이 운영하는 모임 통장의 개설 주기를 제한하고 있다. 금융권에 따르면 카카오뱅크는 회원이 모임 통장을 개설하면 한 달에 1개로 제한한다.
388,카카오뱅크는 어린이 청소년 문화 예술 활동 증진을 위해 2024 아시테지 국제여름축제에 5000만 원을 후원한다고 밝혔다.
389,카카오뱅크는 어린이 청소년 문화 예술 활동 증진을 위해 2024 아시테지 국제여름축제에 5000만 원을 후원한다고 밝혔다.
390,카카오뱅크는 어린이 및 청소년의 문화 예술 활동 증진을 위해 2024 아시테지 국제여름축제에 5000만 원을 후원한다고 밝혔다.
391,"카카오뱅크는 어린이 청소년 문화 예술 활동 증진을 위해 2024 아시테지 국제여름축제에 5,000만 원을 후원한다고 밝혔다."
392,케이뱅크의 도입으로 국내 인터넷은행 3사 중 카카오뱅크와 케이뱅크 등 두 곳이 에버스핀 고객사로 합류하게 되었다.
393,"카카오뱅크는 어린이 및 청소년 문화 예술 활동 증진을 위해 2024 아시테지 국제여름축제에 5,000만 원을 후원한다고 밝혔다. 2024 아시테지 국제여름축제는 어린이 및 청소년 문화 예술 활동 증진을 위해 매년 개최되고 있다."
394,카카오뱅크는 어린이 청소년 문화 예술 활동 증진을 위해 2024 아시테지 국제여름축제에 5000만 원을 후원한다고 밝혔다.
395,카카오뱅크는 어린이 및 청소년 문화 예술 활동 증진을 위해 2024 아시테지 국제여름축제에 5천만 원을 후원한다고 밝혔다. 2024 아시테지 국제여름축제는 국·내외 어린이 및 청소년 문화 예술 활동 증진을 위해 매년 개최되고 있다.
396,케이뱅크의 도입으로 국내 인터넷은행 3사 중 2개 사가 에버스핀의 고객사로 합류하여 피싱범죄 피해를 볼 가능성을 낮추고 금융안전을 강화하였다.
397,"카카오뱅크는 어린이 및 청소년 문화 예술 활동 증진을 위해 2024아시테지 국제여름축제에 5,000만 원을 후원하였다."
398,카카오뱅크는 어린이 청소년 문화 예술 활동 활성화를 위해 2024 아시테지 국제여름축제에 5000만 원을 후원한다.
399,카카오뱅크 CTO 정 씨의 인사 논란은 카카오뱅크 상장 직후 스톡옵션 76억 원을 행사한 정 씨 CTO 영입 이후 두 번째입니다. 당시 카카오의 내부통제기구인 준법과신뢰위원회에서 정 씨에 대한 우려를
400,카카오뱅크는 어린이 청소년 문화 예술 활동 증진을 위해 2024 아시테지 국제여름축제에 5000만 원을 후원한다고 밝혔다.
401,케이뱅크의 도입으로 국내 인터넷은행 3사 중 2개 사가 에버스핀의 고객사로 합류하게 되었다. 케이뱅크는 피싱범죄 피해를 줄일 수 있는 방법을 제시한다.
402,케이뱅크의 도입으로 국내 인터넷은행 3사 중 2개 사가 에버스핀의 고객사로 합류하게 되었다. 케이뱅크는 피싱범죄 피해를 줄일 수 있는 방법을 제시한다.
403,"카카오뱅크는 2021년 상장 이후 세계적인 ESG평가에서 두각을 나타냈으며, 2023년 AA등급을 받으며 3년 연속 ESG평가에서 AA등급을 받고 있다."
404,케이뱅크와 카카오뱅크는 청소년에게 올바른 금융 습관을 심어줄 하이틴 서비스를 제공한다. 하이틴은 만 14세~만 18세 미만 청소년을 대상으로 한다.
405,"OK캐쉬백 앱의 오퀴즈에 KB Pay 카카오뱅크 관련 문제가 나와 신규고객 8,321명에게 총 1억원 상당의 혜택을 주는 카뱅 관련 문제가 나왔다."
406,케이뱅크가 에버스핀의 고객사로 합류함으로써 국내 인터넷은행 3사 중 카카오뱅크와 케이뱅크까지 총 2개사가 에버스핀의 고객사로 합류하게 되었다.
407,케이뱅크의 도입으로 국내 인터넷은행 3사 중 2개 사가 에버스핀의 고객사로 합류하게 되었다. 케이뱅크는 피싱범죄 피해를 줄일 수 있는 방법을 제시한다.
408,케이뱅크의 도입으로 국내 인터넷은행 3사 중 2개 사가 에버스핀의 고객사로 합류하게 되었다. 케이뱅크는 피싱범죄 피해를 줄일 수 있는 방법을 제시한다.
409,리브메이트 오늘의 퀴즈는 포인트를 얻을 수 있는 포인트 이벤트로 카카오뱅크 등록만 하면 총 상금 1억원을 쏩니다. 이벤트의 2등 당첨금액은 1백만 P이다.
410,케이뱅크의 도입으로 국내 인터넷은행 3사 중 2개 사가 에버스핀의 고객사로 합류하게 되었다. 케이뱅크는 피싱범죄 피해를 줄일 수 있는 방법을 제시한다.
411,케이뱅크의 도입으로 국내 인터넷은행 3사 중 2개 사가 에버스핀의 고객사로 합류하게 되었다. 케이뱅크는 피싱범죄 피해를 줄일 수 있는 방법을 제시한다.
412,케이뱅크의 도입으로 국내 인터넷은행 3사 중 2개 사가 에버스핀의 고객사로 합류하게 되었다. 케이뱅크는 피싱범죄 피해를 줄일 수 있는 방법을 제시한다.
413,국내 인터넷은행 3사 중 2개사는 에버스핀의 고객사로 합류하여 악성앱으로 인한 피싱 범죄로부터 피해를 입을 가능성을 최소화하여 피싱 범죄로부터 피해를 입을 가능성을 최소화하였다.
414,케이뱅크의 도입으로 국내 인터넷은행 3사 중 2개 사가 에버스핀의 고객사로 합류하게 되었다. 케이뱅크는 피싱범죄 피해를 줄일 수 있는 방법을 제시한다.
415,케이뱅크의 도입으로 국내 인터넷은행 3사 중 2개 사가 에버스핀의 고객사로 합류하게 되었다. 케이뱅크는 피싱범죄 피해를 줄일 수 있는 방법을 제시한다.
416,정규돈 카카오 최고기술책임자(CTO)는 2021년 8월 카카오뱅크 상장 직후 70억원이 넘는 차익을 실현해 논란을 일으키었고 금융감독원이 해임을 시켰다.
417,카카오뱅크는 어린이 및 청소년 문화 예술 활동 증진을 위해 2024 아시테지 국제여름축제에 5000만 원을 후원한다고 밝혔다.
418,카카오뱅크는 어린이 청소년 문화 예술 활동 증진을 위해 2024 아시테지 국제여름축제에 5000만 원을 후원한다고 밝혔다.
419,카카오뱅크는 어린이 및 청소년 문화 예술 활동 증진을 위해 2024 아시테지 국제여름축제에 5000만 원을 후원한다고 밝혔다. 2024 아시테지 국제여름축제는 어린이 및 청소년 문화 예술 활동 증진을 위해 매년 개최되고 있다.
420,카카오뱅크는 어린이 청소년 문화 예술 활동 증진을 위해 2024 아시테지 국제여름축제에 5000만 원을 후원한다고 밝혔다.
421,카카오뱅크는 어린이 청소년 문화 예술 활동 증진을 위해 2024 아시테지 국제여름축제에 5000만 원을 후원한다고 밝혔다.
422,카카오뱅크는 어린이 청소년 문화 예술 활동 증진을 위해 2024 아시테지 국제여름축제에 5000만 원을 후원한다고 밝혔다. 1993년 시작된 아시테지 국제여름축제는 국·내외 어린이 청소년 문화 예술 활동 증진을 위해 매년 진행되고 있다.
423,카카오뱅크는 어린이 및 청소년 문화 예술 활동 증진을 위해 2024 아시테지 국제여름축제에 5000만 원을 후원한다.
424,카카오뱅크는 어린이 청소년 문화 예술 활동 증진을 위해 2024 아시테지 국제여름축제에 5000만 원을 후원한다고 밝혔다. 2024 아시테지 국제여름축제는 국·내외 어린이
425,카카오뱅크는 어린이 청소년 문화 예술 활동 증진을 위해 2024 아시테지 국제여름축제에 5000만 원을 후원한다고 밝혔다.
426,카카오뱅크는 어린이 및 청소년 문화 예술 활동 증진을 위해 2024 아시테지 국제여름축제에 5000만 원을 후원한다고 밝혔다.
427,카카오뱅크는 어린이 및 청소년 문화 예술 활동 증진을 위해 2024 아시테지 국제여름축제에 5000만 원을 후원한다고 밝혔다.
428,카카오뱅크는 어린이 청소년 문화 예술 활동 증진을 위해 2024 아시테지 국제여름축제에 5000만 원을 후원한다고 밝혔다.
429,카카오뱅크는 어린이 청소년 문화 예술 활동 증진을 위해 2024 아시테지 국제여름축제에 5000만 원을 후원한다고 밝혔다.
430,카카오뱅크는 어린이 청소년 문화 예술 활동 증진을 위해 2024 아시테지 국제여름축제에 5000만 원을 후원했다. 1993년 시작된 아시테지 국제여름축제는 국·내외 어린이 등 다양한 분야에서 활발히 활동하고 있다.
431,카카오뱅크는 어린이 청소년 문화 예술 활동 증진을 위해 2024 아시테지 국제여름축제에 5000만 원을 후원한다고 밝혔다. 2024 아시테지 국제여름축제는 국·내외 어린이 청소년 문화 예술 활동 증진을 위해 매년 개최되고 있다.
432,카카오뱅크는 어린이 청소년 문화 예술 활동 증진을 위해 2024 아시테지 국제여름축제에 5000만 원을 후원한다고 밝혔다. 2024 아시테지 국제여름축제는 국·내외 어린이 청소년 문화 예술 활동 증진을 위해 매년 개최되고 있다.
433,카카오뱅크는 어린이 청소년 문화 예술 활동 증진을 위해 2024 아시테지 국제여름축제에 5000만 원을 후원한다고 밝혔다.
434,카카오뱅크는 어린이 청소년 문화 예술 활동 증진을 위해 2024 아시테지 국제여름축제에 5000만 원을 후원한다고 밝혔다.
435,카카오뱅크는 어린이 청소년 문화 예술 활동 증진을 위해 2024 아시테지 국제여름축제에 5000만 원을 후원한다고 밝혔다.
436,"카카오뱅크는 어린이 및 청소년 문화 예술 활동 증진을 위해 2024 아시테지 국제여름축제에 5,000만 원을 후원한다고 밝혔다. 2024 아시테지 국제여름축제는 어린이 및 청소년 문화 예술 활동 증진을 위해 매년 개최되고 있다."
437,카카오뱅크는 어린이 청소년 문화 예술 활동 증진을 위해 2024 아시테지 국제여름축제에 5000만 원을 후원한다고 밝혔다. 2024 아시테지 국제여름축제는 국·내외 어린이 청소년 문화 예술 활동 증진을 위해 매년 개최되고 있다.
438,카카오뱅크는 어린이 청소년 문화 예술 활동 증진을 위해 2024 아시테지 국제여름축제에 5000만 원을 후원한다고 밝혔다.
439,금융감독원이 인터넷전문은행이 운영하는 모임 통장의 개설 주기를 제한하고 있다. 금융권에 따르면 카카오뱅크는 회원이 모임 통장을 개설하면 한 달에 1개로 제한한다.
440,카카오뱅크는 어린이 청소년 문화 예술 활동 증진을 위해 2024 아시테지 국제여름축제에 5000만 원을 후원한다고 밝혔다.
441,카카오뱅크는 어린이 청소년 문화 예술 활동 증진을 위해 2024 아시테지 국제여름축제에 5000만 원을 후원한다고 밝혔다.
442,카카오뱅크는 어린이 및 청소년의 문화 예술 활동 증진을 위해 2024 아시테지 국제여름축제에 5000만 원을 후원한다고 밝혔다.
443,"카카오뱅크는 어린이 청소년 문화 예술 활동 증진을 위해 2024 아시테지 국제여름축제에 5,000만 원을 후원한다고 밝혔다."
444,케이뱅크의 도입으로 국내 인터넷은행 3사 중 카카오뱅크와 케이뱅크 등 두 곳이 에버스핀 고객사로 합류하게 되었다.
445,"카카오뱅크는 어린이 및 청소년 문화 예술 활동 증진을 위해 2024 아시테지 국제여름축제에 5,000만 원을 후원한다고 밝혔다. 2024 아시테지 국제여름축제는 어린이 및 청소년 문화 예술 활동 증진을 위해 매년 개최되고 있다."
446,카카오뱅크는 어린이 청소년 문화 예술 활동 증진을 위해 2024 아시테지 국제여름축제에 5000만 원을 후원한다고 밝혔다.
447,카카오뱅크는 어린이 및 청소년 문화 예술 활동 증진을 위해 2024 아시테지 국제여름축제에 5천만 원을 후원한다고 밝혔다. 2024 아시테지 국제여름축제는 국·내외 어린이 및 청소년 문화 예술 활동 증진을 위해 매년 개최되고 있다.
448,케이뱅크의 도입으로 국내 인터넷은행 3사 중 2개 사가 에버스핀의 고객사로 합류하여 피싱범죄 피해를 볼 가능성을 낮추고 금융안전을 강화하였다.
449,"카카오뱅크는 어린이 및 청소년 문화 예술 활동 증진을 위해 2024아시테지 국제여름축제에 5,000만 원을 후원하였다."
450,카카오뱅크는 어린이 청소년 문화 예술 활동 활성화를 위해 2024 아시테지 국제여름축제에 5000만 원을 후원한다.
451,카카오뱅크 CTO 정 씨의 인사 논란은 카카오뱅크 상장 직후 스톡옵션 76억 원을 행사한 정 씨 CTO 영입 이후 두 번째입니다. 당시 카카오의 내부통제기구인 준법과신뢰위원회에서 정 씨에 대한 우려를
452,카카오뱅크는 어린이 청소년 문화 예술 활동 증진을 위해 2024 아시테지 국제여름축제에 5000만 원을 후원한다고 밝혔다.
453,케이뱅크의 도입으로 국내 인터넷은행 3사 중 2개 사가 에버스핀의 고객사로 합류하게 되었다. 케이뱅크는 피싱범죄 피해를 줄일 수 있는 방법을 제시한다.
454,케이뱅크의 도입으로 국내 인터넷은행 3사 중 2개 사가 에버스핀의 고객사로 합류하게 되었다. 케이뱅크는 피싱범죄 피해를 줄일 수 있는 방법을 제시한다.
455,"카카오뱅크는 2021년 상장 이후 세계적인 ESG평가에서 두각을 나타냈으며, 2023년 AA등급을 받으며 3년 연속 ESG평가에서 AA등급을 받고 있다."
456,케이뱅크와 카카오뱅크는 청소년에게 올바른 금융 습관을 심어줄 하이틴 서비스를 제공한다. 하이틴은 만 14세~만 18세 미만 청소년을 대상으로 한다.
457,"OK캐쉬백 앱의 오퀴즈에 KB Pay 카카오뱅크 관련 문제가 나와 신규고객 8,321명에게 총 1억원 상당의 혜택을 주는 카뱅 관련 문제가 나왔다."
458,케이뱅크가 에버스핀의 고객사로 합류함으로써 국내 인터넷은행 3사 중 카카오뱅크와 케이뱅크까지 총 2개사가 에버스핀의 고객사로 합류하게 되었다.
459,케이뱅크의 도입으로 국내 인터넷은행 3사 중 2개 사가 에버스핀의 고객사로 합류하게 되었다. 케이뱅크는 피싱범죄 피해를 줄일 수 있는 방법을 제시한다.
460,케이뱅크의 도입으로 국내 인터넷은행 3사 중 2개 사가 에버스핀의 고객사로 합류하게 되었다. 케이뱅크는 피싱범죄 피해를 줄일 수 있는 방법을 제시한다.
461,리브메이트 오늘의 퀴즈는 포인트를 얻을 수 있는 포인트 이벤트로 카카오뱅크 등록만 하면 총 상금 1억원을 쏩니다. 이벤트의 2등 당첨금액은 1백만 P이다.
462,케이뱅크의 도입으로 국내 인터넷은행 3사 중 2개 사가 에버스핀의 고객사로 합류하게 되었다. 케이뱅크는 피싱범죄 피해를 줄일 수 있는 방법을 제시한다.
463,케이뱅크의 도입으로 국내 인터넷은행 3사 중 2개 사가 에버스핀의 고객사로 합류하게 되었다. 케이뱅크는 피싱범죄 피해를 줄일 수 있는 방법을 제시한다.
464,케이뱅크의 도입으로 국내 인터넷은행 3사 중 2개 사가 에버스핀의 고객사로 합류하게 되었다. 케이뱅크는 피싱범죄 피해를 줄일 수 있는 방법을 제시한다.
465,국내 인터넷은행 3사 중 2개사는 에버스핀의 고객사로 합류하여 악성앱으로 인한 피싱 범죄로부터 피해를 입을 가능성을 최소화하여 피싱 범죄로부터 피해를 입을 가능성을 최소화하였다.
466,케이뱅크의 도입으로 국내 인터넷은행 3사 중 2개 사가 에버스핀의 고객사로 합류하게 되었다. 케이뱅크는 피싱범죄 피해를 줄일 수 있는 방법을 제시한다.
467,케이뱅크의 도입으로 국내 인터넷은행 3사 중 2개 사가 에버스핀의 고객사로 합류하게 되었다. 케이뱅크는 피싱범죄 피해를 줄일 수 있는 방법을 제시한다.
468,정규돈 카카오 최고기술책임자(CTO)는 2021년 8월 카카오뱅크 상장 직후 70억원이 넘는 차익을 실현해 논란을 일으키었고 금융감독원이 해임을 시켰다.
469,카카오뱅크는 어린이 및 청소년 문화 예술 활동 증진을 위해 2024 아시테지 국제여름축제에 5000만 원을 후원한다고 밝혔다.
470,카카오뱅크는 어린이 청소년 문화 예술 활동 증진을 위해 2024 아시테지 국제여름축제에 5000만 원을 후원한다고 밝혔다.
471,카카오뱅크는 어린이 및 청소년 문화 예술 활동 증진을 위해 2024 아시테지 국제여름축제에 5000만 원을 후원한다고 밝혔다. 2024 아시테지 국제여름축제는 어린이 및 청소년 문화 예술 활동 증진을 위해 매년 개최되고 있다.
472,카카오뱅크는 어린이 청소년 문화 예술 활동 증진을 위해 2024 아시테지 국제여름축제에 5000만 원을 후원한다고 밝혔다.
473,카카오뱅크는 어린이 청소년 문화 예술 활동 증진을 위해 2024 아시테지 국제여름축제에 5000만 원을 후원한다고 밝혔다.
474,카카오뱅크는 어린이 청소년 문화 예술 활동 증진을 위해 2024 아시테지 국제여름축제에 5000만 원을 후원한다고 밝혔다. 1993년 시작된 아시테지 국제여름축제는 국·내외 어린이 청소년 문화 예술 활동 증진을 위해 매년 진행되고 있다.
475,카카오뱅크는 어린이 및 청소년 문화 예술 활동 증진을 위해 2024 아시테지 국제여름축제에 5000만 원을 후원한다.
476,카카오뱅크는 어린이 청소년 문화 예술 활동 증진을 위해 2024 아시테지 국제여름축제에 5000만 원을 후원한다고 밝혔다. 2024 아시테지 국제여름축제는 국·내외 어린이
477,카카오뱅크는 어린이 청소년 문화 예술 활동 증진을 위해 2024 아시테지 국제여름축제에 5000만 원을 후원한다고 밝혔다.
478,카카오뱅크는 어린이 및 청소년 문화 예술 활동 증진을 위해 2024 아시테지 국제여름축제에 5000만 원을 후원한다고 밝혔다.
479,카카오뱅크는 어린이 및 청소년 문화 예술 활동 증진을 위해 2024 아시테지 국제여름축제에 5000만 원을 후원한다고 밝혔다.
480,카카오뱅크는 어린이 청소년 문화 예술 활동 증진을 위해 2024 아시테지 국제여름축제에 5000만 원을 후원한다고 밝혔다.
481,카카오뱅크는 어린이 청소년 문화 예술 활동 증진을 위해 2024 아시테지 국제여름축제에 5000만 원을 후원한다고 밝혔다.
482,카카오뱅크는 어린이 청소년 문화 예술 활동 증진을 위해 2024 아시테지 국제여름축제에 5000만 원을 후원했다. 1993년 시작된 아시테지 국제여름축제는 국·내외 어린이 등 다양한 분야에서 활발히 활동하고 있다.
483,카카오뱅크는 어린이 청소년 문화 예술 활동 증진을 위해 2024 아시테지 국제여름축제에 5000만 원을 후원한다고 밝혔다. 2024 아시테지 국제여름축제는 국·내외 어린이 청소년 문화 예술 활동 증진을 위해 매년 개최되고 있다.
484,카카오뱅크는 어린이 청소년 문화 예술 활동 증진을 위해 2024 아시테지 국제여름축제에 5000만 원을 후원한다고 밝혔다. 2024 아시테지 국제여름축제는 국·내외 어린이 청소년 문화 예술 활동 증진을 위해 매년 개최되고 있다.
485,카카오뱅크는 어린이 청소년 문화 예술 활동 증진을 위해 2024 아시테지 국제여름축제에 5000만 원을 후원한다고 밝혔다.
486,카카오뱅크는 어린이 청소년 문화 예술 활동 증진을 위해 2024 아시테지 국제여름축제에 5000만 원을 후원한다고 밝혔다.
487,카카오뱅크는 어린이 청소년 문화 예술 활동 증진을 위해 2024 아시테지 국제여름축제에 5000만 원을 후원한다고 밝혔다.
488,"카카오뱅크는 어린이 및 청소년 문화 예술 활동 증진을 위해 2024 아시테지 국제여름축제에 5,000만 원을 후원한다고 밝혔다. 2024 아시테지 국제여름축제는 어린이 및 청소년 문화 예술 활동 증진을 위해 매년 개최되고 있다."
489,카카오뱅크는 어린이 청소년 문화 예술 활동 증진을 위해 2024 아시테지 국제여름축제에 5000만 원을 후원한다고 밝혔다. 2024 아시테지 국제여름축제는 국·내외 어린이 청소년 문화 예술 활동 증진을 위해 매년 개최되고 있다.
490,카카오뱅크는 어린이 청소년 문화 예술 활동 증진을 위해 2024 아시테지 국제여름축제에 5000만 원을 후원한다고 밝혔다.
491,금융감독원이 인터넷전문은행이 운영하는 모임 통장의 개설 주기를 제한하고 있다. 금융권에 따르면 카카오뱅크는 회원이 모임 통장을 개설하면 한 달에 1개로 제한한다.
492,카카오뱅크는 어린이 청소년 문화 예술 활동 증진을 위해 2024 아시테지 국제여름축제에 5000만 원을 후원한다고 밝혔다.
493,카카오뱅크는 어린이 청소년 문화 예술 활동 증진을 위해 2024 아시테지 국제여름축제에 5000만 원을 후원한다고 밝혔다.
494,카카오뱅크는 어린이 및 청소년의 문화 예술 활동 증진을 위해 2024 아시테지 국제여름축제에 5000만 원을 후원한다고 밝혔다.
495,"카카오뱅크는 어린이 청소년 문화 예술 활동 증진을 위해 2024 아시테지 국제여름축제에 5,000만 원을 후원한다고 밝혔다."
496,케이뱅크의 도입으로 국내 인터넷은행 3사 중 카카오뱅크와 케이뱅크 등 두 곳이 에버스핀 고객사로 합류하게 되었다.
497,"카카오뱅크는 어린이 및 청소년 문화 예술 활동 증진을 위해 2024 아시테지 국제여름축제에 5,000만 원을 후원한다고 밝혔다. 2024 아시테지 국제여름축제는 어린이 및 청소년 문화 예술 활동 증진을 위해 매년 개최되고 있다."
498,카카오뱅크는 어린이 청소년 문화 예술 활동 증진을 위해 2024 아시테지 국제여름축제에 5000만 원을 후원한다고 밝혔다.
499,카카오뱅크는 어린이 및 청소년 문화 예술 활동 증진을 위해 2024 아시테지 국제여름축제에 5천만 원을 후원한다고 밝혔다. 2024 아시테지 국제여름축제는 국·내외 어린이 및 청소년 문화 예술 활동 증진을 위해 매년 개최되고 있다.
500,케이뱅크의 도입으로 국내 인터넷은행 3사 중 2개 사가 에버스핀의 고객사로 합류하여 피싱범죄 피해를 볼 가능성을 낮추고 금융안전을 강화하였다.
501,"카카오뱅크는 어린이 및 청소년 문화 예술 활동 증진을 위해 2024아시테지 국제여름축제에 5,000만 원을 후원하였다."
502,카카오뱅크는 어린이 청소년 문화 예술 활동 활성화를 위해 2024 아시테지 국제여름축제에 5000만 원을 후원한다.
503,카카오뱅크 CTO 정 씨의 인사 논란은 카카오뱅크 상장 직후 스톡옵션 76억 원을 행사한 정 씨 CTO 영입 이후 두 번째입니다. 당시 카카오의 내부통제기구인 준법과신뢰위원회에서 정 씨에 대한 우려를
504,카카오뱅크는 어린이 청소년 문화 예술 활동 증진을 위해 2024 아시테지 국제여름축제에 5000만 원을 후원한다고 밝혔다.
505,케이뱅크의 도입으로 국내 인터넷은행 3사 중 2개 사가 에버스핀의 고객사로 합류하게 되었다. 케이뱅크는 피싱범죄 피해를 줄일 수 있는 방법을 제시한다.
506,케이뱅크의 도입으로 국내 인터넷은행 3사 중 2개 사가 에버스핀의 고객사로 합류하게 되었다. 케이뱅크는 피싱범죄 피해를 줄일 수 있는 방법을 제시한다.
507,"카카오뱅크는 2021년 상장 이후 세계적인 ESG평가에서 두각을 나타냈으며, 2023년 AA등급을 받으며 3년 연속 ESG평가에서 AA등급을 받고 있다."
508,케이뱅크와 카카오뱅크는 청소년에게 올바른 금융 습관을 심어줄 하이틴 서비스를 제공한다. 하이틴은 만 14세~만 18세 미만 청소년을 대상으로 한다.
509,"OK캐쉬백 앱의 오퀴즈에 KB Pay 카카오뱅크 관련 문제가 나와 신규고객 8,321명에게 총 1억원 상당의 혜택을 주는 카뱅 관련 문제가 나왔다."
510,케이뱅크가 에버스핀의 고객사로 합류함으로써 국내 인터넷은행 3사 중 카카오뱅크와 케이뱅크까지 총 2개사가 에버스핀의 고객사로 합류하게 되었다.
511,케이뱅크의 도입으로 국내 인터넷은행 3사 중 2개 사가 에버스핀의 고객사로 합류하게 되었다. 케이뱅크는 피싱범죄 피해를 줄일 수 있는 방법을 제시한다.
512,케이뱅크의 도입으로 국내 인터넷은행 3사 중 2개 사가 에버스핀의 고객사로 합류하게 되었다. 케이뱅크는 피싱범죄 피해를 줄일 수 있는 방법을 제시한다.
513,리브메이트 오늘의 퀴즈는 포인트를 얻을 수 있는 포인트 이벤트로 카카오뱅크 등록만 하면 총 상금 1억원을 쏩니다. 이벤트의 2등 당첨금액은 1백만 P이다.
514,케이뱅크의 도입으로 국내 인터넷은행 3사 중 2개 사가 에버스핀의 고객사로 합류하게 되었다. 케이뱅크는 피싱범죄 피해를 줄일 수 있는 방법을 제시한다.
515,케이뱅크의 도입으로 국내 인터넷은행 3사 중 2개 사가 에버스핀의 고객사로 합류하게 되었다. 케이뱅크는 피싱범죄 피해를 줄일 수 있는 방법을 제시한다.
516,케이뱅크의 도입으로 국내 인터넷은행 3사 중 2개 사가 에버스핀의 고객사로 합류하게 되었다. 케이뱅크는 피싱범죄 피해를 줄일 수 있는 방법을 제시한다.
517,국내 인터넷은행 3사 중 2개사는 에버스핀의 고객사로 합류하여 악성앱으로 인한 피싱 범죄로부터 피해를 입을 가능성을 최소화하여 피싱 범죄로부터 피해를 입을 가능성을 최소화하였다.
518,케이뱅크의 도입으로 국내 인터넷은행 3사 중 2개 사가 에버스핀의 고객사로 합류하게 되었다. 케이뱅크는 피싱범죄 피해를 줄일 수 있는 방법을 제시한다.
519,케이뱅크의 도입으로 국내 인터넷은행 3사 중 2개 사가 에버스핀의 고객사로 합류하게 되었다. 케이뱅크는 피싱범죄 피해를 줄일 수 있는 방법을 제시한다.
520,정규돈 카카오 최고기술책임자(CTO)는 2021년 8월 카카오뱅크 상장 직후 70억원이 넘는 차익을 실현해 논란을 일으키었고 금융감독원이 해임을 시켰다.
